-- CareFlow demo seed (generated by scripts/seed-demo.ts). DO NOT edit by hand.
begin;
set session_replication_role = replica; -- disable FK triggers during load

-- hospitals (1)
insert into hospitals (id, name, region, contact_email, contact_phone, subscription_tier, subscription_status, created_at, updated_at) values ('f2a209ad-0ed3-481e-99f6-f4dd1feb8b85', 'Douala General Hospital', 'Littoral — Douala', 'contact@dgh.cm', '+237 6 55 00 00 00', 'standard', 'active', '2025-06-07T22:58:42.026Z', '2025-06-07T22:58:42.027Z');

-- departments (7)
insert into departments (id, hospital_id, name, code, description, is_active, created_at, updated_at) values ('49d0f6a8-554d-4e0e-bcd5-d5967ef0b948', 'f2a209ad-0ed3-481e-99f6-f4dd1feb8b85', 'Emergency', 'EMG', 'Emergency & trauma', true, '2025-06-07T22:58:42.027Z', '2025-06-07T22:58:42.027Z');
insert into departments (id, hospital_id, name, code, description, is_active, created_at, updated_at) values ('793f5619-7e36-4a32-a012-d2d2f63a6452', 'f2a209ad-0ed3-481e-99f6-f4dd1feb8b85', 'Internal Medicine', 'MED', 'General internal medicine', true, '2025-06-07T22:58:42.027Z', '2025-06-07T22:58:42.027Z');
insert into departments (id, hospital_id, name, code, description, is_active, created_at, updated_at) values ('9d34f266-b10f-4d34-b4bc-aca1a03863c2', 'f2a209ad-0ed3-481e-99f6-f4dd1feb8b85', 'Surgery', 'SUR', 'General & specialist surgery', true, '2025-06-07T22:58:42.027Z', '2025-06-07T22:58:42.027Z');
insert into departments (id, hospital_id, name, code, description, is_active, created_at, updated_at) values ('8f3068ad-4461-4acf-8b28-1bee80813007', 'f2a209ad-0ed3-481e-99f6-f4dd1feb8b85', 'Intensive Care', 'ICU', 'Critical care unit', true, '2025-06-07T22:58:42.027Z', '2025-06-07T22:58:42.027Z');
insert into departments (id, hospital_id, name, code, description, is_active, created_at, updated_at) values ('ac70ed9c-6e38-4d59-b7e9-2c6b695d591d', 'f2a209ad-0ed3-481e-99f6-f4dd1feb8b85', 'Laboratory', 'LAB', 'Pathology & diagnostics', true, '2025-06-07T22:58:42.027Z', '2025-06-07T22:58:42.027Z');
insert into departments (id, hospital_id, name, code, description, is_active, created_at, updated_at) values ('5f840e31-0cae-4e97-b405-dfd7c3a516de', 'f2a209ad-0ed3-481e-99f6-f4dd1feb8b85', 'Pharmacy', 'PHA', 'Dispensary', true, '2025-06-07T22:58:42.027Z', '2025-06-07T22:58:42.027Z');
insert into departments (id, hospital_id, name, code, description, is_active, created_at, updated_at) values ('1d671b34-f66e-45ac-ac5f-debacc30e7cd', 'f2a209ad-0ed3-481e-99f6-f4dd1feb8b85', 'Administration', 'ADM', 'Front desk & records', true, '2025-06-07T22:58:42.027Z', '2025-06-07T22:58:42.027Z');

-- wards (3)
insert into wards (id, hospital_id, department_id, name, floor_label, is_active, created_at, updated_at) values ('18ba142e-9bae-4d74-99f7-030a2dcd5351', 'f2a209ad-0ed3-481e-99f6-f4dd1feb8b85', '8f3068ad-4461-4acf-8b28-1bee80813007', 'ICU', '3rd Floor', true, '2025-06-07T22:58:42.027Z', '2025-06-07T22:58:42.027Z');
insert into wards (id, hospital_id, department_id, name, floor_label, is_active, created_at, updated_at) values ('b5fac718-9f94-4455-99ae-3f8286c6ecdc', 'f2a209ad-0ed3-481e-99f6-f4dd1feb8b85', '793f5619-7e36-4a32-a012-d2d2f63a6452', 'Medical Ward B', '2nd Floor', true, '2025-06-07T22:58:42.027Z', '2025-06-07T22:58:42.027Z');
insert into wards (id, hospital_id, department_id, name, floor_label, is_active, created_at, updated_at) values ('58b423fa-c9ac-43d5-998d-8e073f43078e', 'f2a209ad-0ed3-481e-99f6-f4dd1feb8b85', '49d0f6a8-554d-4e0e-bcd5-d5967ef0b948', 'Emergency Bays', 'Ground Floor', true, '2025-06-07T22:58:42.027Z', '2025-06-07T22:58:42.027Z');

-- staff (14)
insert into staff (id, hospital_id, user_id, full_name, role, department_id, email, phone, is_active, created_at, updated_at) values ('b4abb439-bf82-40e2-a3a8-5f653b6621de', 'f2a209ad-0ed3-481e-99f6-f4dd1feb8b85', NULL, 'Dr. A. Okafor', 'doctor', '793f5619-7e36-4a32-a012-d2d2f63a6452', 'a.okafor@generalhospital.med', '+233 20 555 0010', true, '2025-06-07T22:58:42.027Z', '2025-06-07T22:58:42.027Z');
insert into staff (id, hospital_id, user_id, full_name, role, department_id, email, phone, is_active, created_at, updated_at) values ('270035e7-1454-4861-bf2b-83b0ec23dc32', 'f2a209ad-0ed3-481e-99f6-f4dd1feb8b85', NULL, 'Dr. M. Chen', 'doctor', '9d34f266-b10f-4d34-b4bc-aca1a03863c2', 'm.chen@generalhospital.med', '+233 20 555 0011', true, '2025-06-07T22:58:42.027Z', '2025-06-07T22:58:42.027Z');
insert into staff (id, hospital_id, user_id, full_name, role, department_id, email, phone, is_active, created_at, updated_at) values ('b4caffe8-6426-409f-a547-42c4e495121a', 'f2a209ad-0ed3-481e-99f6-f4dd1feb8b85', NULL, 'Nurse J. Patel', 'nurse', '8f3068ad-4461-4acf-8b28-1bee80813007', 'j.patel@generalhospital.med', '+233 20 555 0012', true, '2025-06-07T22:58:42.027Z', '2025-06-07T22:58:42.027Z');
insert into staff (id, hospital_id, user_id, full_name, role, department_id, email, phone, is_active, created_at, updated_at) values ('cbfd492d-d74b-4ebf-9b8c-d6cbf1a2cb8c', 'f2a209ad-0ed3-481e-99f6-f4dd1feb8b85', NULL, 'Nurse L. Romero', 'nurse', '49d0f6a8-554d-4e0e-bcd5-d5967ef0b948', 'l.romero@generalhospital.med', '+233 20 555 0013', true, '2025-06-07T22:58:42.027Z', '2025-06-07T22:58:42.027Z');
insert into staff (id, hospital_id, user_id, full_name, role, department_id, email, phone, is_active, created_at, updated_at) values ('f133bf47-5b21-4052-b5b9-57d136a5c9f4', 'f2a209ad-0ed3-481e-99f6-f4dd1feb8b85', NULL, 'K. Boateng', 'lab_tech', 'ac70ed9c-6e38-4d59-b7e9-2c6b695d591d', 'k.boateng@generalhospital.med', '+233 20 555 0014', true, '2025-06-07T22:58:42.027Z', '2025-06-07T22:58:42.027Z');
insert into staff (id, hospital_id, user_id, full_name, role, department_id, email, phone, is_active, created_at, updated_at) values ('e4add34f-493b-47b9-9940-841b09abd165', 'f2a209ad-0ed3-481e-99f6-f4dd1feb8b85', NULL, 'T. Eze', 'pharmacist', '5f840e31-0cae-4e97-b405-dfd7c3a516de', 't.eze@generalhospital.med', '+233 20 555 0015', true, '2025-06-07T22:58:42.027Z', '2025-06-07T22:58:42.027Z');
insert into staff (id, hospital_id, user_id, full_name, role, department_id, email, phone, is_active, created_at, updated_at) values ('23e00427-7bd4-4a50-834c-340b146b55db', 'f2a209ad-0ed3-481e-99f6-f4dd1feb8b85', NULL, 'R. Adebayo', 'receptionist', '1d671b34-f66e-45ac-ac5f-debacc30e7cd', 'r.adebayo@generalhospital.med', '+233 20 555 0016', true, '2025-06-07T22:58:42.027Z', '2025-06-07T22:58:42.027Z');
insert into staff (id, hospital_id, user_id, full_name, role, department_id, email, phone, is_active, created_at, updated_at) values ('19408e54-e30d-44ff-9675-d3d827060ea2', 'f2a209ad-0ed3-481e-99f6-f4dd1feb8b85', NULL, 'S. Quartey', 'admin', '1d671b34-f66e-45ac-ac5f-debacc30e7cd', 's.quartey@generalhospital.med', '+233 20 555 0017', true, '2025-06-07T22:58:42.027Z', '2025-06-07T22:58:42.027Z');
insert into staff (id, hospital_id, user_id, full_name, role, department_id, email, phone, is_active, created_at, updated_at) values ('2997f245-29a3-4e7c-afad-fed79e80c87f', 'f2a209ad-0ed3-481e-99f6-f4dd1feb8b85', NULL, 'Dr. F. Adeyemi', 'doctor', '793f5619-7e36-4a32-a012-d2d2f63a6452', 'f.adeyemi@generalhospital.med', '+233 20 555 0018', true, '2025-06-07T22:58:42.027Z', '2025-06-07T22:58:42.027Z');
insert into staff (id, hospital_id, user_id, full_name, role, department_id, email, phone, is_active, created_at, updated_at) values ('0ec0fbf7-54d0-403f-849a-d18e2ab49415', 'f2a209ad-0ed3-481e-99f6-f4dd1feb8b85', NULL, 'Dr. P. Nwosu', 'doctor', '9d34f266-b10f-4d34-b4bc-aca1a03863c2', 'p.nwosu@generalhospital.med', '+233 20 555 0019', true, '2025-06-07T22:58:42.027Z', '2025-06-07T22:58:42.027Z');
insert into staff (id, hospital_id, user_id, full_name, role, department_id, email, phone, is_active, created_at, updated_at) values ('49f789f7-be52-4266-8518-2dd3c93bd34d', 'f2a209ad-0ed3-481e-99f6-f4dd1feb8b85', NULL, 'Dr. C. Asante', 'doctor', '49d0f6a8-554d-4e0e-bcd5-d5967ef0b948', 'c.asante@generalhospital.med', '+233 20 555 0020', true, '2025-06-07T22:58:42.027Z', '2025-06-07T22:58:42.027Z');
insert into staff (id, hospital_id, user_id, full_name, role, department_id, email, phone, is_active, created_at, updated_at) values ('cbb0e027-6635-4afa-b5fa-ee3e45a971a2', 'f2a209ad-0ed3-481e-99f6-f4dd1feb8b85', NULL, 'Dr. R. Okonkwo', 'doctor', '8f3068ad-4461-4acf-8b28-1bee80813007', 'r.okonkwo@generalhospital.med', '+233 20 555 0021', true, '2025-06-07T22:58:42.027Z', '2025-06-07T22:58:42.027Z');
insert into staff (id, hospital_id, user_id, full_name, role, department_id, email, phone, is_active, created_at, updated_at) values ('e5a559db-01c0-48a9-a3c7-011fb4af6d27', 'f2a209ad-0ed3-481e-99f6-f4dd1feb8b85', NULL, 'Nurse G. Tetteh', 'nurse', '793f5619-7e36-4a32-a012-d2d2f63a6452', 'g.tetteh@generalhospital.med', '+233 20 555 0022', true, '2025-06-07T22:58:42.027Z', '2025-06-07T22:58:42.027Z');
insert into staff (id, hospital_id, user_id, full_name, role, department_id, email, phone, is_active, created_at, updated_at) values ('c3c6cc70-3ddd-46ff-94b2-1529d714a316', 'f2a209ad-0ed3-481e-99f6-f4dd1feb8b85', NULL, 'Nurse H. Yeboah', 'nurse', '9d34f266-b10f-4d34-b4bc-aca1a03863c2', 'h.yeboah@generalhospital.med', '+233 20 555 0023', true, '2025-06-07T22:58:42.027Z', '2025-06-07T22:58:42.027Z');

-- patients (51)
insert into patients (id, hospital_id, mrn, full_name, date_of_birth, sex, phone, address, national_id, mother_first_name, is_emergency_anonymous, anonymous_identifier, no_known_allergies, created_at, updated_at) values ('00c818c7-1822-4174-b39d-50a674ff6454', 'f2a209ad-0ed3-481e-99f6-f4dd1feb8b85', '890314GM - A', 'Grace Mensah', '1989-03-14', 'female', '+233 20 555 0142', '12 Ring Rd, Accra', 'GHA-8841203', 'Akosua', false, NULL, false, '2026-06-07T19:58:42.027Z', '2026-06-07T19:58:42.027Z');
insert into patients (id, hospital_id, mrn, full_name, date_of_birth, sex, phone, address, national_id, mother_first_name, is_emergency_anonymous, anonymous_identifier, no_known_allergies, created_at, updated_at) values ('0ad47daa-2fc7-403d-a26b-738f51eeaa96', 'f2a209ad-0ed3-481e-99f6-f4dd1feb8b85', '721102SI - F', 'Samuel Idris', '1972-11-02', 'male', '+234 80 555 0199', '5 Awolowo St, Lagos', 'NGA-5520117', 'Fatima', false, NULL, false, '2026-06-06T18:58:42.027Z', '2026-06-07T16:58:42.027Z');
insert into patients (id, hospital_id, mrn, full_name, date_of_birth, sex, phone, address, national_id, mother_first_name, is_emergency_anonymous, anonymous_identifier, no_known_allergies, created_at, updated_at) values ('7d5ccec8-4d8b-49d8-b105-c65364cc1b97', 'f2a209ad-0ed3-481e-99f6-f4dd1feb8b85', '', 'Unidentified Patient', NULL, 'unknown', NULL, NULL, NULL, NULL, true, 'John Doe - Gamma - 20260531', false, '2026-06-07T17:58:42.027Z', '2026-06-07T21:58:42.027Z');
insert into patients (id, hospital_id, mrn, full_name, date_of_birth, sex, phone, address, national_id, mother_first_name, is_emergency_anonymous, anonymous_identifier, no_known_allergies, created_at, updated_at) values ('6edc5a93-8f47-4140-82c1-b92bc6dfc94c', 'f2a209ad-0ed3-481e-99f6-f4dd1feb8b85', '950721AB - H', 'Aisha Bello', '1995-07-21', 'female', '+234 70 555 0173', '8 Marina Rd, Lagos', 'NGA-7790455', 'Hauwa', false, NULL, true, '2026-06-03T22:58:42.027Z', '2026-06-07T10:58:42.027Z');
insert into patients (id, hospital_id, mrn, full_name, date_of_birth, sex, phone, address, national_id, mother_first_name, is_emergency_anonymous, anonymous_identifier, no_known_allergies, created_at, updated_at) values ('e1b116f5-1a6d-4fa7-9240-cffbb6a5320c', 'f2a209ad-0ed3-481e-99f6-f4dd1feb8b85', '600109DO - A', 'Daniel Owusu', '1960-01-09', 'male', '+233 24 555 0166', '30 Cantonments, Accra', 'GHA-3310928', 'Abena', false, NULL, false, '2026-05-08T22:58:42.027Z', '2026-06-07T20:58:42.027Z');
insert into patients (id, hospital_id, mrn, full_name, date_of_birth, sex, phone, address, national_id, mother_first_name, is_emergency_anonymous, anonymous_identifier, no_known_allergies, created_at, updated_at) values ('41af17aa-d40c-45b9-9bd9-aeed9f2a543d', 'f2a209ad-0ed3-481e-99f6-f4dd1feb8b85', '780213BM - A', 'Bisi Mahama', '1978-02-13', 'female', '+233 24 555 2000', NULL, NULL, 'Adwoa', false, NULL, true, '2026-05-08T23:58:42.028Z', '2026-05-09T02:58:42.028Z');
insert into patients (id, hospital_id, mrn, full_name, date_of_birth, sex, phone, address, national_id, mother_first_name, is_emergency_anonymous, anonymous_identifier, no_known_allergies, created_at, updated_at) values ('85bea487-e148-4679-95fb-7796d641bc73', 'f2a209ad-0ed3-481e-99f6-f4dd1feb8b85', '820405MS - F', 'Musa Sarpong', '1982-04-05', 'female', '+233 24 555 2001', NULL, NULL, 'Folake', false, NULL, false, '2026-05-07T01:58:42.028Z', '2026-05-12T01:58:42.028Z');
insert into patients (id, hospital_id, mrn, full_name, date_of_birth, sex, phone, address, national_id, mother_first_name, is_emergency_anonymous, anonymous_identifier, no_known_allergies, created_at, updated_at) values ('f71176a4-6a4a-49a8-8654-6aaf4135d92a', 'f2a209ad-0ed3-481e-99f6-f4dd1feb8b85', '740814FA - Y', 'Femi Annan', '1974-08-14', 'male', '+233 24 555 2002', NULL, NULL, 'Yaw', false, NULL, false, '2026-05-14T14:58:42.028Z', '2026-05-14T16:58:42.028Z');
insert into patients (id, hospital_id, mrn, full_name, date_of_birth, sex, phone, address, national_id, mother_first_name, is_emergency_anonymous, anonymous_identifier, no_known_allergies, created_at, updated_at) values ('2af6d114-5ee0-4687-8704-97565b70dbbb', 'f2a209ad-0ed3-481e-99f6-f4dd1feb8b85', '650917AA - E', 'Adwoa Adeyemi', '1965-09-17', 'male', '+233 24 555 2003', NULL, NULL, 'Emeka', false, NULL, true, '2026-04-22T19:58:42.028Z', '2026-04-22T23:58:42.028Z');
insert into patients (id, hospital_id, mrn, full_name, date_of_birth, sex, phone, address, national_id, mother_first_name, is_emergency_anonymous, anonymous_identifier, no_known_allergies, created_at, updated_at) values ('80697e7f-c7aa-44db-bd7f-84e31fec76ce', 'f2a209ad-0ed3-481e-99f6-f4dd1feb8b85', '900622KA - K', 'Kwesi Amankwah', '1990-06-22', 'female', '+233 24 555 2004', NULL, NULL, 'Kofi', false, NULL, true, '2026-05-17T16:58:42.028Z', '2026-05-17T18:58:42.028Z');
insert into patients (id, hospital_id, mrn, full_name, date_of_birth, sex, phone, address, national_id, mother_first_name, is_emergency_anonymous, anonymous_identifier, no_known_allergies, created_at, updated_at) values ('b455a82c-b582-4f8c-ba1c-0baafe9adee4', 'f2a209ad-0ed3-481e-99f6-f4dd1feb8b85', '070406AM - B', 'Abena Mahama', '2007-04-06', 'male', '+233 24 555 2005', NULL, NULL, 'Bisi', false, NULL, true, '2026-04-15T14:58:42.028Z', '2026-04-15T15:58:42.028Z');
insert into patients (id, hospital_id, mrn, full_name, date_of_birth, sex, phone, address, national_id, mother_first_name, is_emergency_anonymous, anonymous_identifier, no_known_allergies, created_at, updated_at) values ('a2240b89-e09c-4947-8e38-0e65b18e7a3e', 'f2a209ad-0ed3-481e-99f6-f4dd1feb8b85', '430925AS - I', 'Akua Sarpong', '1943-09-25', 'male', '+233 24 555 2006', NULL, NULL, 'Isaac', false, NULL, false, '2026-04-24T08:58:42.028Z', '2026-04-24T09:58:42.028Z');
insert into patients (id, hospital_id, mrn, full_name, date_of_birth, sex, phone, address, national_id, mother_first_name, is_emergency_anonymous, anonymous_identifier, no_known_allergies, created_at, updated_at) values ('f462facb-42ad-4993-ae43-22e5d06419e1', 'f2a209ad-0ed3-481e-99f6-f4dd1feb8b85', '110414TF - A', 'Tunde Frimpong', '2011-04-14', 'male', '+233 24 555 2007', NULL, NULL, 'Adwoa', false, NULL, false, '2026-04-28T21:58:42.028Z', '2026-04-29T01:58:42.028Z');
insert into patients (id, hospital_id, mrn, full_name, date_of_birth, sex, phone, address, national_id, mother_first_name, is_emergency_anonymous, anonymous_identifier, no_known_allergies, created_at, updated_at) values ('171fffcc-0ec5-4e8e-821a-283197e1cdc7', 'f2a209ad-0ed3-481e-99f6-f4dd1feb8b85', '201220EL - N', 'Emeka Lartey', '2020-12-20', 'male', '+233 24 555 2008', NULL, NULL, 'Ngozi', false, NULL, false, '2026-04-28T22:58:42.028Z', '2026-04-29T04:58:42.028Z');
insert into patients (id, hospital_id, mrn, full_name, date_of_birth, sex, phone, address, national_id, mother_first_name, is_emergency_anonymous, anonymous_identifier, no_known_allergies, created_at, updated_at) values ('39733c53-1539-4624-98ba-f13adbafb596', 'f2a209ad-0ed3-481e-99f6-f4dd1feb8b85', '250206JS - Y', 'Joseph Sarpong', '2025-02-06', 'female', '+233 24 555 2009', NULL, NULL, 'Yaw', false, NULL, false, '2026-04-23T12:58:42.028Z', '2026-04-23T19:58:42.028Z');
insert into patients (id, hospital_id, mrn, full_name, date_of_birth, sex, phone, address, national_id, mother_first_name, is_emergency_anonymous, anonymous_identifier, no_known_allergies, created_at, updated_at) values ('f554f52e-dea6-4b1e-bb44-7a533d3964cd', 'f2a209ad-0ed3-481e-99f6-f4dd1feb8b85', '721021KB - E', 'Kwesi Boateng', '1972-10-21', 'male', '+233 24 555 2010', NULL, NULL, 'Esi', false, NULL, false, '2026-05-25T19:58:42.028Z', '2026-05-26T00:58:42.028Z');
insert into patients (id, hospital_id, mrn, full_name, date_of_birth, sex, phone, address, national_id, mother_first_name, is_emergency_anonymous, anonymous_identifier, no_known_allergies, created_at, updated_at) values ('b3702e24-4b05-4851-8314-4712b9fbe42d', 'f2a209ad-0ed3-481e-99f6-f4dd1feb8b85', '940321IG - E', 'Isaac Gyamfi', '1994-03-21', 'male', '+233 24 555 2011', NULL, NULL, 'Esi', false, NULL, false, '2026-05-10T01:58:42.028Z', '2026-05-10T07:58:42.028Z');
insert into patients (id, hospital_id, mrn, full_name, date_of_birth, sex, phone, address, national_id, mother_first_name, is_emergency_anonymous, anonymous_identifier, no_known_allergies, created_at, updated_at) values ('7d16c998-5e0a-4b4f-b6ed-fd8853d97f61', 'f2a209ad-0ed3-481e-99f6-f4dd1feb8b85', '120921ZA - N', 'Zainab Amankwah', '2012-09-21', 'female', '+233 24 555 2012', NULL, NULL, 'Ngozi', false, NULL, false, '2026-05-24T17:58:42.028Z', '2026-05-24T23:58:42.028Z');
insert into patients (id, hospital_id, mrn, full_name, date_of_birth, sex, phone, address, national_id, mother_first_name, is_emergency_anonymous, anonymous_identifier, no_known_allergies, created_at, updated_at) values ('8befd0e2-cdf4-4aaa-b425-65f9bfcf140a', 'f2a209ad-0ed3-481e-99f6-f4dd1feb8b85', '901009AB - E', 'Abena Boateng', '1990-10-09', 'male', '+233 24 555 2013', NULL, NULL, 'Emeka', false, NULL, false, '2026-04-28T10:58:42.028Z', '2026-04-28T13:58:42.028Z');
insert into patients (id, hospital_id, mrn, full_name, date_of_birth, sex, phone, address, national_id, mother_first_name, is_emergency_anonymous, anonymous_identifier, no_known_allergies, created_at, updated_at) values ('bdad9f1b-e363-4928-b3c7-8c425820c6d7', 'f2a209ad-0ed3-481e-99f6-f4dd1feb8b85', '831220EK - A', 'Emeka Kanu', '1983-12-20', 'male', '+233 24 555 2014', NULL, NULL, 'Abena', false, NULL, true, '2026-04-30T20:58:42.028Z', '2026-05-01T03:58:42.028Z');
insert into patients (id, hospital_id, mrn, full_name, date_of_birth, sex, phone, address, national_id, mother_first_name, is_emergency_anonymous, anonymous_identifier, no_known_allergies, created_at, updated_at) values ('3014d7a6-7756-48e4-b297-562e407ca2dc', 'f2a209ad-0ed3-481e-99f6-f4dd1feb8b85', '660225MA - K', 'Musa Appiah', '1966-02-25', 'female', '+233 24 555 2015', NULL, NULL, 'Kwesi', false, NULL, true, '2026-04-15T17:58:42.028Z', '2026-04-16T17:58:42.028Z');
insert into patients (id, hospital_id, mrn, full_name, date_of_birth, sex, phone, address, national_id, mother_first_name, is_emergency_anonymous, anonymous_identifier, no_known_allergies, created_at, updated_at) values ('43bfc9c3-e469-43e8-8727-8cb0f0f34039', 'f2a209ad-0ed3-481e-99f6-f4dd1feb8b85', '000101YA - A', 'Yaw Acheampong', '2000-01-01', 'female', '+233 24 555 2016', NULL, NULL, 'Abena', false, NULL, true, '2026-05-19T21:58:42.028Z', '2026-05-20T00:58:42.028Z');
insert into patients (id, hospital_id, mrn, full_name, date_of_birth, sex, phone, address, national_id, mother_first_name, is_emergency_anonymous, anonymous_identifier, no_known_allergies, created_at, updated_at) values ('69a8b586-d042-4fa1-9a36-9494b81035ac', 'f2a209ad-0ed3-481e-99f6-f4dd1feb8b85', '591021CG - I', 'Chinedu Gyamfi', '1959-10-21', 'male', '+233 24 555 2017', NULL, NULL, 'Ibrahim', false, NULL, false, '2026-04-20T10:58:42.028Z', '2026-04-20T13:58:42.028Z');
insert into patients (id, hospital_id, mrn, full_name, date_of_birth, sex, phone, address, national_id, mother_first_name, is_emergency_anonymous, anonymous_identifier, no_known_allergies, created_at, updated_at) values ('b7f7b970-3ef0-4849-8dd6-ec140233f4c9', 'f2a209ad-0ed3-481e-99f6-f4dd1feb8b85', '381220VM - Y', 'Vivian Mahama', '1938-12-20', 'female', '+233 24 555 2018', NULL, NULL, 'Yaw', false, NULL, false, '2026-04-13T19:58:42.028Z', '2026-04-14T03:58:42.028Z');
insert into patients (id, hospital_id, mrn, full_name, date_of_birth, sex, phone, address, national_id, mother_first_name, is_emergency_anonymous, anonymous_identifier, no_known_allergies, created_at, updated_at) values ('c9d73cec-d783-4733-baa3-897927b8dc6d', 'f2a209ad-0ed3-481e-99f6-f4dd1feb8b85', '430226CD - A', 'Chinedu Danso', '1943-02-26', 'male', '+233 24 555 2019', NULL, NULL, 'Adwoa', false, NULL, true, '2026-04-09T18:58:42.028Z', '2026-04-09T21:58:42.028Z');
insert into patients (id, hospital_id, mrn, full_name, date_of_birth, sex, phone, address, national_id, mother_first_name, is_emergency_anonymous, anonymous_identifier, no_known_allergies, created_at, updated_at) values ('f64c5292-e429-4fa6-9f6e-9b346f5e4b3e', 'f2a209ad-0ed3-481e-99f6-f4dd1feb8b85', '460207KA - Y', 'Kwame Amankwah', '1946-02-07', 'female', '+233 24 555 2020', NULL, NULL, 'Yaw', false, NULL, false, '2026-05-17T03:58:42.029Z', '2026-05-17T04:58:42.029Z');
insert into patients (id, hospital_id, mrn, full_name, date_of_birth, sex, phone, address, national_id, mother_first_name, is_emergency_anonymous, anonymous_identifier, no_known_allergies, created_at, updated_at) values ('cd6e9eef-718f-4722-9675-c1370d8c0af8', 'f2a209ad-0ed3-481e-99f6-f4dd1feb8b85', '880119NL - B', 'Ngozi Lartey', '1988-01-19', 'male', '+233 24 555 2021', NULL, NULL, 'Beatrice', false, NULL, false, '2026-04-21T09:58:42.029Z', '2026-04-24T09:58:42.029Z');
insert into patients (id, hospital_id, mrn, full_name, date_of_birth, sex, phone, address, national_id, mother_first_name, is_emergency_anonymous, anonymous_identifier, no_known_allergies, created_at, updated_at) values ('56e7eef1-9cd0-4c96-8b10-5f7972863a8f', 'f2a209ad-0ed3-481e-99f6-f4dd1feb8b85', '580405AG - V', 'Abena Gyamfi', '1958-04-05', 'male', '+233 24 555 2022', NULL, NULL, 'Vivian', false, NULL, true, '2026-04-14T16:58:42.029Z', '2026-04-14T19:58:42.029Z');
insert into patients (id, hospital_id, mrn, full_name, date_of_birth, sex, phone, address, national_id, mother_first_name, is_emergency_anonymous, anonymous_identifier, no_known_allergies, created_at, updated_at) values ('1d7c25a1-79a3-441c-a37a-ba5ca87b6c5f', 'f2a209ad-0ed3-481e-99f6-f4dd1feb8b85', '400816JD - K', 'Joseph Danso', '1940-08-16', 'female', '+233 24 555 2023', NULL, NULL, 'Kojo', false, NULL, false, '2026-06-03T12:58:42.029Z', '2026-06-03T17:58:42.029Z');
insert into patients (id, hospital_id, mrn, full_name, date_of_birth, sex, phone, address, national_id, mother_first_name, is_emergency_anonymous, anonymous_identifier, no_known_allergies, created_at, updated_at) values ('af4e7c6a-ca30-4883-8208-e56f57fb6a08', 'f2a209ad-0ed3-481e-99f6-f4dd1feb8b85', '560220NQ - Y', 'Ngozi Quaye', '1956-02-20', 'male', '+233 24 555 2024', NULL, NULL, 'Yaw', false, NULL, true, '2026-05-02T23:58:42.029Z', '2026-05-03T06:58:42.029Z');
insert into patients (id, hospital_id, mrn, full_name, date_of_birth, sex, phone, address, national_id, mother_first_name, is_emergency_anonymous, anonymous_identifier, no_known_allergies, created_at, updated_at) values ('312ef5aa-aa90-4ecf-9fdd-3670d7d51c30', 'f2a209ad-0ed3-481e-99f6-f4dd1feb8b85', '060811KA - V', 'Kojo Adeyemi', '2006-08-11', 'male', '+233 24 555 2025', NULL, NULL, 'Vivian', false, NULL, true, '2026-05-27T09:58:42.029Z', '2026-06-02T09:58:42.029Z');
insert into patients (id, hospital_id, mrn, full_name, date_of_birth, sex, phone, address, national_id, mother_first_name, is_emergency_anonymous, anonymous_identifier, no_known_allergies, created_at, updated_at) values ('dcdd8c47-02c0-4987-8002-3e100284a78e', 'f2a209ad-0ed3-481e-99f6-f4dd1feb8b85', '680921VQ - A', 'Vivian Quaye', '1968-09-21', 'female', '+233 24 555 2026', NULL, NULL, 'Adwoa', false, NULL, false, '2026-05-01T08:58:42.029Z', '2026-05-11T08:58:42.029Z');
insert into patients (id, hospital_id, mrn, full_name, date_of_birth, sex, phone, address, national_id, mother_first_name, is_emergency_anonymous, anonymous_identifier, no_known_allergies, created_at, updated_at) values ('3f9d7a2e-fff8-4fc0-8bd7-a46aa31b3c43', 'f2a209ad-0ed3-481e-99f6-f4dd1feb8b85', '060609MM - M', 'Mary Mahama', '2006-06-09', 'female', '+233 24 555 2027', NULL, NULL, 'Mary', false, NULL, false, '2026-04-08T04:58:42.029Z', '2026-04-08T07:58:42.029Z');
insert into patients (id, hospital_id, mrn, full_name, date_of_birth, sex, phone, address, national_id, mother_first_name, is_emergency_anonymous, anonymous_identifier, no_known_allergies, created_at, updated_at) values ('238db01f-f95c-4fc3-8142-dc3bca395397', 'f2a209ad-0ed3-481e-99f6-f4dd1feb8b85', '540211NA - C', 'Ngozi Asante', '1954-02-11', 'female', '+233 24 555 2028', NULL, NULL, 'Chinedu', false, NULL, false, '2026-05-09T08:58:42.029Z', '2026-05-09T15:58:42.029Z');
insert into patients (id, hospital_id, mrn, full_name, date_of_birth, sex, phone, address, national_id, mother_first_name, is_emergency_anonymous, anonymous_identifier, no_known_allergies, created_at, updated_at) values ('17cebb20-ed50-4e74-bd6e-2a43fe1a55a0', 'f2a209ad-0ed3-481e-99f6-f4dd1feb8b85', '620610PA - B', 'Prince Acheampong', '1962-06-10', 'female', '+233 24 555 2029', NULL, NULL, 'Bisi', false, NULL, false, '2026-04-14T09:58:42.029Z', '2026-04-14T15:58:42.029Z');
insert into patients (id, hospital_id, mrn, full_name, date_of_birth, sex, phone, address, national_id, mother_first_name, is_emergency_anonymous, anonymous_identifier, no_known_allergies, created_at, updated_at) values ('206d30b8-f590-4ff5-a8ad-a9abbf4f4d90', 'f2a209ad-0ed3-481e-99f6-f4dd1feb8b85', '810126FB - P', 'Folake Balogun', '1981-01-26', 'female', '+233 24 555 2030', NULL, NULL, 'Patience', false, NULL, true, '2026-05-09T02:58:42.029Z', '2026-05-09T07:58:42.029Z');
insert into patients (id, hospital_id, mrn, full_name, date_of_birth, sex, phone, address, national_id, mother_first_name, is_emergency_anonymous, anonymous_identifier, no_known_allergies, created_at, updated_at) values ('2870e157-4456-4136-b8c1-24fee1a17865', 'f2a209ad-0ed3-481e-99f6-f4dd1feb8b85', '081211FF - I', 'Femi Frimpong', '2008-12-11', 'female', '+233 24 555 2031', NULL, NULL, 'Ibrahim', false, NULL, false, '2026-05-26T21:58:42.029Z', '2026-05-27T02:58:42.029Z');
insert into patients (id, hospital_id, mrn, full_name, date_of_birth, sex, phone, address, national_id, mother_first_name, is_emergency_anonymous, anonymous_identifier, no_known_allergies, created_at, updated_at) values ('ef15b0f2-90b9-4639-945e-905e36b65d83', 'f2a209ad-0ed3-481e-99f6-f4dd1feb8b85', '430402AB - E', 'Adwoa Balogun', '1943-04-02', 'male', '+233 24 555 2032', NULL, NULL, 'Emeka', false, NULL, false, '2026-04-25T12:58:42.029Z', '2026-04-26T12:58:42.029Z');
insert into patients (id, hospital_id, mrn, full_name, date_of_birth, sex, phone, address, national_id, mother_first_name, is_emergency_anonymous, anonymous_identifier, no_known_allergies, created_at, updated_at) values ('cfd4fd2b-e61f-48f8-adb2-a3d0db30b50c', 'f2a209ad-0ed3-481e-99f6-f4dd1feb8b85', '670312AA - A', 'Adwoa Amankwah', '1967-03-12', 'male', '+233 24 555 2033', NULL, NULL, 'Akua', false, NULL, false, '2026-05-18T03:58:42.029Z', '2026-05-26T03:58:42.029Z');
insert into patients (id, hospital_id, mrn, full_name, date_of_birth, sex, phone, address, national_id, mother_first_name, is_emergency_anonymous, anonymous_identifier, no_known_allergies, created_at, updated_at) values ('e53f6dc7-d83a-4e31-a289-93b1b1f1a6ff', 'f2a209ad-0ed3-481e-99f6-f4dd1feb8b85', '960921CQ - K', 'Chinedu Quaye', '1996-09-21', 'female', '+233 24 555 2034', NULL, NULL, 'Kojo', false, NULL, false, '2026-05-09T09:58:42.029Z', '2026-05-09T16:58:42.029Z');
insert into patients (id, hospital_id, mrn, full_name, date_of_birth, sex, phone, address, national_id, mother_first_name, is_emergency_anonymous, anonymous_identifier, no_known_allergies, created_at, updated_at) values ('fe6e2014-a118-4fdf-aa0c-0ff52037d992', 'f2a209ad-0ed3-481e-99f6-f4dd1feb8b85', '950517KA - K', 'Kofi Amankwah', '1995-05-17', 'male', '+233 24 555 2035', NULL, NULL, 'Kwame', false, NULL, false, '2026-05-20T06:58:42.029Z', '2026-05-20T07:58:42.029Z');
insert into patients (id, hospital_id, mrn, full_name, date_of_birth, sex, phone, address, national_id, mother_first_name, is_emergency_anonymous, anonymous_identifier, no_known_allergies, created_at, updated_at) values ('5fed2c4d-0673-4a93-b692-d2175bd92022', 'f2a209ad-0ed3-481e-99f6-f4dd1feb8b85', '831117JL - F', 'Joseph Lartey', '1983-11-17', 'male', '+233 24 555 2036', NULL, NULL, 'Fatima', false, NULL, true, '2026-05-17T15:58:42.029Z', '2026-05-17T22:58:42.029Z');
insert into patients (id, hospital_id, mrn, full_name, date_of_birth, sex, phone, address, national_id, mother_first_name, is_emergency_anonymous, anonymous_identifier, no_known_allergies, created_at, updated_at) values ('24f963a4-2e3c-448e-9680-6982da21acc5', 'f2a209ad-0ed3-481e-99f6-f4dd1feb8b85', '530310BF - Z', 'Beatrice Frimpong', '1953-03-10', 'female', '+233 24 555 2037', NULL, NULL, 'Zainab', false, NULL, false, '2026-05-18T11:58:42.029Z', '2026-05-18T19:58:42.029Z');
insert into patients (id, hospital_id, mrn, full_name, date_of_birth, sex, phone, address, national_id, mother_first_name, is_emergency_anonymous, anonymous_identifier, no_known_allergies, created_at, updated_at) values ('e7af5fe5-0932-4987-9cc7-eb4d2eee53eb', 'f2a209ad-0ed3-481e-99f6-f4dd1feb8b85', '800512CA - B', 'Chinedu Asante', '1980-05-12', 'female', '+233 24 555 2038', NULL, NULL, 'Bisi', false, NULL, false, '2026-06-05T23:58:42.029Z', '2026-06-06T01:58:42.029Z');
insert into patients (id, hospital_id, mrn, full_name, date_of_birth, sex, phone, address, national_id, mother_first_name, is_emergency_anonymous, anonymous_identifier, no_known_allergies, created_at, updated_at) values ('6cee7658-02ca-462a-9d18-b10a3326cd08', 'f2a209ad-0ed3-481e-99f6-f4dd1feb8b85', '611212AN - M', 'Akua Nwankwo', '1961-12-12', 'male', '+233 24 555 2039', NULL, NULL, 'Michael', false, NULL, false, '2026-05-15T03:58:42.029Z', '2026-05-18T03:58:42.029Z');
insert into patients (id, hospital_id, mrn, full_name, date_of_birth, sex, phone, address, national_id, mother_first_name, is_emergency_anonymous, anonymous_identifier, no_known_allergies, created_at, updated_at) values ('327eaffb-0709-4db4-9ff0-35b43713b886', 'f2a209ad-0ed3-481e-99f6-f4dd1feb8b85', '180905AN - P', 'Abena Nwankwo', '2018-09-05', 'male', '+233 24 555 2040', NULL, NULL, 'Patience', false, NULL, false, '2026-05-16T18:58:42.029Z', '2026-05-17T00:58:42.029Z');
insert into patients (id, hospital_id, mrn, full_name, date_of_birth, sex, phone, address, national_id, mother_first_name, is_emergency_anonymous, anonymous_identifier, no_known_allergies, created_at, updated_at) values ('08cbbad1-5e76-4cc2-b2cf-817b78897364', 'f2a209ad-0ed3-481e-99f6-f4dd1feb8b85', '880908KL - V', 'Kojo Lartey', '1988-09-08', 'male', '+233 24 555 2041', NULL, NULL, 'Vivian', false, NULL, true, '2026-06-05T21:58:42.029Z', '2026-06-06T03:58:42.029Z');
insert into patients (id, hospital_id, mrn, full_name, date_of_birth, sex, phone, address, national_id, mother_first_name, is_emergency_anonymous, anonymous_identifier, no_known_allergies, created_at, updated_at) values ('474a57f2-b351-4745-93a1-9eda501100f4', 'f2a209ad-0ed3-481e-99f6-f4dd1feb8b85', '690922TA - V', 'Tunde Addo', '1969-09-22', 'female', '+233 24 555 2042', NULL, NULL, 'Vivian', false, NULL, false, '2026-05-04T09:58:42.029Z', '2026-05-04T11:58:42.029Z');
insert into patients (id, hospital_id, mrn, full_name, date_of_birth, sex, phone, address, national_id, mother_first_name, is_emergency_anonymous, anonymous_identifier, no_known_allergies, created_at, updated_at) values ('66840e60-fccb-449e-93db-6d3037019a5d', 'f2a209ad-0ed3-481e-99f6-f4dd1feb8b85', '000809EB - F', 'Esi Balogun', '2000-08-09', 'female', '+233 24 555 2043', NULL, NULL, 'Folake', false, NULL, false, '2026-04-21T17:58:42.029Z', '2026-04-23T17:58:42.029Z');
insert into patients (id, hospital_id, mrn, full_name, date_of_birth, sex, phone, address, national_id, mother_first_name, is_emergency_anonymous, anonymous_identifier, no_known_allergies, created_at, updated_at) values ('202bfbe8-160d-4245-aa2c-1ee79effa752', 'f2a209ad-0ed3-481e-99f6-f4dd1feb8b85', '011219KA - F', 'Kojo Addo', '2001-12-19', 'female', '+233 24 555 2044', NULL, NULL, 'Femi', false, NULL, false, '2026-05-26T11:58:42.029Z', '2026-05-26T17:58:42.029Z');
insert into patients (id, hospital_id, mrn, full_name, date_of_birth, sex, phone, address, national_id, mother_first_name, is_emergency_anonymous, anonymous_identifier, no_known_allergies, created_at, updated_at) values ('4ad8baae-1553-4a83-95e8-cb4753f8a0bf', 'f2a209ad-0ed3-481e-99f6-f4dd1feb8b85', '720915HA - I', 'Halima Appiah', '1972-09-15', 'male', '+233 24 555 2045', NULL, NULL, 'Isaac', false, NULL, false, '2026-04-24T15:58:42.029Z', '2026-04-24T19:58:42.029Z');

-- allergies (17)
insert into allergies (id, hospital_id, patient_id, substance, category, severity, reaction, noted_by_id, created_at, updated_at) values ('685ff7fb-1a0f-4592-af59-5b83ae738c14', 'f2a209ad-0ed3-481e-99f6-f4dd1feb8b85', '00c818c7-1822-4174-b39d-50a674ff6454', 'Penicillin', 'drug', 'severe', 'Widespread rash and facial swelling', 'cbfd492d-d74b-4ebf-9b8c-d6cbf1a2cb8c', '2026-06-07T19:58:42.027Z', '2026-06-07T19:58:42.027Z');
insert into allergies (id, hospital_id, patient_id, substance, category, severity, reaction, noted_by_id, created_at, updated_at) values ('b1755ced-6f29-4b23-92df-7ab1514449f6', 'f2a209ad-0ed3-481e-99f6-f4dd1feb8b85', '0ad47daa-2fc7-403d-a26b-738f51eeaa96', 'Aspirin', 'drug', 'moderate', 'Gastric bleeding', '270035e7-1454-4861-bf2b-83b0ec23dc32', '2026-06-06T18:58:42.027Z', '2026-06-06T18:58:42.027Z');
insert into allergies (id, hospital_id, patient_id, substance, category, severity, reaction, noted_by_id, created_at, updated_at) values ('68f6abec-e477-4495-a69b-5a045ff7590f', 'f2a209ad-0ed3-481e-99f6-f4dd1feb8b85', '0ad47daa-2fc7-403d-a26b-738f51eeaa96', 'Peanuts', 'food', 'mild', 'Hives', 'b4caffe8-6426-409f-a547-42c4e495121a', '2026-06-06T18:58:42.027Z', '2026-06-06T18:58:42.027Z');
insert into allergies (id, hospital_id, patient_id, substance, category, severity, reaction, noted_by_id, created_at, updated_at) values ('042ad0a1-b8ba-458f-849c-6ef5239fa8d6', 'f2a209ad-0ed3-481e-99f6-f4dd1feb8b85', '85bea487-e148-4679-95fb-7796d641bc73', 'Sulfa drugs', 'drug', 'moderate', 'Hives', '49f789f7-be52-4266-8518-2dd3c93bd34d', '2026-05-07T01:58:42.028Z', '2026-05-07T01:58:42.028Z');
insert into allergies (id, hospital_id, patient_id, substance, category, severity, reaction, noted_by_id, created_at, updated_at) values ('59b3395e-082e-49ae-aed7-284cf7f6665f', 'f2a209ad-0ed3-481e-99f6-f4dd1feb8b85', '171fffcc-0ec5-4e8e-821a-283197e1cdc7', 'Shellfish', 'food', 'moderate', 'Lip swelling', 'cbfd492d-d74b-4ebf-9b8c-d6cbf1a2cb8c', '2026-04-28T22:58:42.028Z', '2026-04-28T22:58:42.028Z');
insert into allergies (id, hospital_id, patient_id, substance, category, severity, reaction, noted_by_id, created_at, updated_at) values ('46393687-9696-46ee-827b-9e23711ef3d6', 'f2a209ad-0ed3-481e-99f6-f4dd1feb8b85', '39733c53-1539-4624-98ba-f13adbafb596', 'Penicillin', 'drug', 'severe', 'Rash and facial swelling', '2997f245-29a3-4e7c-afad-fed79e80c87f', '2026-04-23T12:58:42.028Z', '2026-04-23T12:58:42.028Z');
insert into allergies (id, hospital_id, patient_id, substance, category, severity, reaction, noted_by_id, created_at, updated_at) values ('55e3a447-b38b-45b4-b893-53209d572605', 'f2a209ad-0ed3-481e-99f6-f4dd1feb8b85', 'f554f52e-dea6-4b1e-bb44-7a533d3964cd', 'Penicillin', 'drug', 'severe', 'Rash and facial swelling', 'b4abb439-bf82-40e2-a3a8-5f653b6621de', '2026-05-25T19:58:42.028Z', '2026-05-25T19:58:42.028Z');
insert into allergies (id, hospital_id, patient_id, substance, category, severity, reaction, noted_by_id, created_at, updated_at) values ('3cf91ab8-f2ae-48c2-9ed3-616249dd53f6', 'f2a209ad-0ed3-481e-99f6-f4dd1feb8b85', 'b3702e24-4b05-4851-8314-4712b9fbe42d', 'Shellfish', 'food', 'moderate', 'Lip swelling', '2997f245-29a3-4e7c-afad-fed79e80c87f', '2026-05-10T01:58:42.028Z', '2026-05-10T01:58:42.028Z');
insert into allergies (id, hospital_id, patient_id, substance, category, severity, reaction, noted_by_id, created_at, updated_at) values ('b2f0f5b4-cd73-4489-99ea-d68cc1f90516', 'f2a209ad-0ed3-481e-99f6-f4dd1feb8b85', '69a8b586-d042-4fa1-9a36-9494b81035ac', 'Shellfish', 'food', 'moderate', 'Lip swelling', '2997f245-29a3-4e7c-afad-fed79e80c87f', '2026-04-20T10:58:42.028Z', '2026-04-20T10:58:42.028Z');
insert into allergies (id, hospital_id, patient_id, substance, category, severity, reaction, noted_by_id, created_at, updated_at) values ('5fb6a7d7-88a0-4641-addb-1a731483b0da', 'f2a209ad-0ed3-481e-99f6-f4dd1feb8b85', 'cd6e9eef-718f-4722-9675-c1370d8c0af8', 'Aspirin', 'drug', 'moderate', 'Gastric upset', '49f789f7-be52-4266-8518-2dd3c93bd34d', '2026-04-21T09:58:42.029Z', '2026-04-21T09:58:42.029Z');
insert into allergies (id, hospital_id, patient_id, substance, category, severity, reaction, noted_by_id, created_at, updated_at) values ('43f6bdc5-d2b3-486d-aa2c-97df90531a16', 'f2a209ad-0ed3-481e-99f6-f4dd1feb8b85', '1d7c25a1-79a3-441c-a37a-ba5ca87b6c5f', 'Shellfish', 'food', 'moderate', 'Lip swelling', 'b4abb439-bf82-40e2-a3a8-5f653b6621de', '2026-06-03T12:58:42.029Z', '2026-06-03T12:58:42.029Z');
insert into allergies (id, hospital_id, patient_id, substance, category, severity, reaction, noted_by_id, created_at, updated_at) values ('004cf41f-9cea-49ea-ba8e-453606d00843', 'f2a209ad-0ed3-481e-99f6-f4dd1feb8b85', 'dcdd8c47-02c0-4987-8002-3e100284a78e', 'House dust', 'environmental', 'mild', 'Sneezing and congestion', '49f789f7-be52-4266-8518-2dd3c93bd34d', '2026-05-01T08:58:42.029Z', '2026-05-01T08:58:42.029Z');
insert into allergies (id, hospital_id, patient_id, substance, category, severity, reaction, noted_by_id, created_at, updated_at) values ('4388a53d-632a-4ba1-a4b7-4a5d68647671', 'f2a209ad-0ed3-481e-99f6-f4dd1feb8b85', '3f9d7a2e-fff8-4fc0-8bd7-a46aa31b3c43', 'Peanuts', 'food', 'mild', 'Itching', 'b4abb439-bf82-40e2-a3a8-5f653b6621de', '2026-04-08T04:58:42.029Z', '2026-04-08T04:58:42.029Z');
insert into allergies (id, hospital_id, patient_id, substance, category, severity, reaction, noted_by_id, created_at, updated_at) values ('4fb62fad-9044-4f7a-a7a0-f09214688773', 'f2a209ad-0ed3-481e-99f6-f4dd1feb8b85', 'cfd4fd2b-e61f-48f8-adb2-a3d0db30b50c', 'Sulfa drugs', 'drug', 'moderate', 'Hives', 'cbb0e027-6635-4afa-b5fa-ee3e45a971a2', '2026-05-18T03:58:42.029Z', '2026-05-18T03:58:42.029Z');
insert into allergies (id, hospital_id, patient_id, substance, category, severity, reaction, noted_by_id, created_at, updated_at) values ('fb8e2377-93bf-4730-910f-ba30de6815d6', 'f2a209ad-0ed3-481e-99f6-f4dd1feb8b85', '24f963a4-2e3c-448e-9680-6982da21acc5', 'House dust', 'environmental', 'mild', 'Sneezing and congestion', '49f789f7-be52-4266-8518-2dd3c93bd34d', '2026-05-18T11:58:42.029Z', '2026-05-18T11:58:42.029Z');
insert into allergies (id, hospital_id, patient_id, substance, category, severity, reaction, noted_by_id, created_at, updated_at) values ('8fda661d-bace-46d8-8120-19ae97a64294', 'f2a209ad-0ed3-481e-99f6-f4dd1feb8b85', '327eaffb-0709-4db4-9ff0-35b43713b886', 'Peanuts', 'food', 'mild', 'Itching', '2997f245-29a3-4e7c-afad-fed79e80c87f', '2026-05-16T18:58:42.029Z', '2026-05-16T18:58:42.029Z');
insert into allergies (id, hospital_id, patient_id, substance, category, severity, reaction, noted_by_id, created_at, updated_at) values ('32ad4b2a-6990-431f-98ac-6eaf70e60e27', 'f2a209ad-0ed3-481e-99f6-f4dd1feb8b85', '66840e60-fccb-449e-93db-6d3037019a5d', 'Aspirin', 'drug', 'moderate', 'Gastric upset', '49f789f7-be52-4266-8518-2dd3c93bd34d', '2026-04-21T17:58:42.029Z', '2026-04-21T17:58:42.029Z');

-- visits (51)
insert into visits (id, hospital_id, patient_id, visit_type, status, stage, department_id, attending_doctor_id, registered_by_id, chief_complaint, triage_notes, arrived_at, closed_at, created_at, updated_at, triage_level) values ('f4c3ba6e-c8ee-4041-9f51-8ff12afa6950', 'f2a209ad-0ed3-481e-99f6-f4dd1feb8b85', '00c818c7-1822-4174-b39d-50a674ff6454', 'emergency', 'open', 'triage', '49d0f6a8-554d-4e0e-bcd5-d5967ef0b948', 'b4abb439-bf82-40e2-a3a8-5f653b6621de', 'cbfd492d-d74b-4ebf-9b8c-d6cbf1a2cb8c', 'Acute chest pain', 'Diaphoretic, BP elevated. ECG ordered. Awaiting cardiac workup.', '2026-06-07T19:58:42.027Z', NULL, '2026-06-07T19:58:42.027Z', '2026-06-07T19:58:42.027Z', 2);
insert into visits (id, hospital_id, patient_id, visit_type, status, stage, department_id, attending_doctor_id, registered_by_id, chief_complaint, triage_notes, arrived_at, closed_at, created_at, updated_at, triage_level) values ('46c392cb-158a-4bb7-bb31-f8a6aab8a369', 'f2a209ad-0ed3-481e-99f6-f4dd1feb8b85', 'e1b116f5-1a6d-4fa7-9240-cffbb6a5320c', 'outpatient', 'open', 'diagnostics', '793f5619-7e36-4a32-a012-d2d2f63a6452', 'b4abb439-bf82-40e2-a3a8-5f653b6621de', '23e00427-7bd4-4a50-834c-340b146b55db', 'Routine diabetes review', 'Stable, ambulatory. HbA1c sample taken.', '2026-06-07T20:58:42.027Z', NULL, '2026-06-07T20:58:42.027Z', '2026-06-07T20:58:42.027Z', 5);
insert into visits (id, hospital_id, patient_id, visit_type, status, stage, department_id, attending_doctor_id, registered_by_id, chief_complaint, triage_notes, arrived_at, closed_at, created_at, updated_at, triage_level) values ('8fe73c8f-c7b2-442a-b03d-53340bbe6ba1', 'f2a209ad-0ed3-481e-99f6-f4dd1feb8b85', '0ad47daa-2fc7-403d-a26b-738f51eeaa96', 'inpatient', 'open', 'treatment', '9d34f266-b10f-4d34-b4bc-aca1a03863c2', '270035e7-1454-4861-bf2b-83b0ec23dc32', '23e00427-7bd4-4a50-834c-340b146b55db', 'Post-operative recovery, laparotomy', NULL, '2026-06-06T18:58:42.027Z', NULL, '2026-06-06T18:58:42.027Z', '2026-06-07T16:58:42.027Z', 3);
insert into visits (id, hospital_id, patient_id, visit_type, status, stage, department_id, attending_doctor_id, registered_by_id, chief_complaint, triage_notes, arrived_at, closed_at, created_at, updated_at, triage_level) values ('c27b3859-1e03-4d48-bd34-48d7ea0d4d4a', 'f2a209ad-0ed3-481e-99f6-f4dd1feb8b85', '7d5ccec8-4d8b-49d8-b105-c65364cc1b97', 'emergency', 'open', 'treatment', '8f3068ad-4461-4acf-8b28-1bee80813007', 'b4abb439-bf82-40e2-a3a8-5f653b6621de', 'cbfd492d-d74b-4ebf-9b8c-d6cbf1a2cb8c', 'Unconscious on arrival, head trauma — RTA', 'Unidentified. GCS 7 on arrival. Neuro protocol initiated.', '2026-06-07T17:58:42.027Z', NULL, '2026-06-07T17:58:42.027Z', '2026-06-07T21:58:42.027Z', 1);
insert into visits (id, hospital_id, patient_id, visit_type, status, stage, department_id, attending_doctor_id, registered_by_id, chief_complaint, triage_notes, arrived_at, closed_at, created_at, updated_at, triage_level) values ('55ad5120-645b-48d9-a33b-922dd182c53d', 'f2a209ad-0ed3-481e-99f6-f4dd1feb8b85', '6edc5a93-8f47-4140-82c1-b92bc6dfc94c', 'inpatient', 'open', 'discharge_planning', '793f5619-7e36-4a32-a012-d2d2f63a6452', 'b4abb439-bf82-40e2-a3a8-5f653b6621de', '23e00427-7bd4-4a50-834c-340b146b55db', 'Community-acquired pneumonia', NULL, '2026-06-03T22:58:42.027Z', NULL, '2026-06-03T22:58:42.027Z', '2026-06-07T10:58:42.027Z', 3);
insert into visits (id, hospital_id, patient_id, visit_type, status, stage, department_id, attending_doctor_id, registered_by_id, chief_complaint, triage_notes, arrived_at, closed_at, created_at, updated_at, triage_level) values ('ee423f24-19ef-42f0-8932-faabd67cf730', 'f2a209ad-0ed3-481e-99f6-f4dd1feb8b85', '41af17aa-d40c-45b9-9bd9-aeed9f2a543d', 'outpatient', 'closed', 'followed_up', '49d0f6a8-554d-4e0e-bcd5-d5967ef0b948', '49f789f7-be52-4266-8518-2dd3c93bd34d', '23e00427-7bd4-4a50-834c-340b146b55db', 'Fainting episode', NULL, '2026-05-08T23:58:42.028Z', '2026-05-09T02:58:42.028Z', '2026-05-08T23:58:42.028Z', '2026-05-09T02:58:42.028Z', 4);
insert into visits (id, hospital_id, patient_id, visit_type, status, stage, department_id, attending_doctor_id, registered_by_id, chief_complaint, triage_notes, arrived_at, closed_at, created_at, updated_at, triage_level) values ('cd262f21-930e-4ee5-86e3-e8c8c71199a0', 'f2a209ad-0ed3-481e-99f6-f4dd1feb8b85', '85bea487-e148-4679-95fb-7796d641bc73', 'inpatient', 'closed', 'discharged', '49d0f6a8-554d-4e0e-bcd5-d5967ef0b948', '49f789f7-be52-4266-8518-2dd3c93bd34d', '23e00427-7bd4-4a50-834c-340b146b55db', 'Swelling of the legs', NULL, '2026-05-07T01:58:42.028Z', '2026-05-12T01:58:42.028Z', '2026-05-07T01:58:42.028Z', '2026-05-12T01:58:42.028Z', 3);
insert into visits (id, hospital_id, patient_id, visit_type, status, stage, department_id, attending_doctor_id, registered_by_id, chief_complaint, triage_notes, arrived_at, closed_at, created_at, updated_at, triage_level) values ('2c9f6b6b-240d-40ff-995c-767c06fe8e22', 'f2a209ad-0ed3-481e-99f6-f4dd1feb8b85', 'f71176a4-6a4a-49a8-8654-6aaf4135d92a', 'emergency', 'closed', 'discharged', '49d0f6a8-554d-4e0e-bcd5-d5967ef0b948', '49f789f7-be52-4266-8518-2dd3c93bd34d', '23e00427-7bd4-4a50-834c-340b146b55db', 'Chest pain', NULL, '2026-05-14T14:58:42.028Z', '2026-05-14T16:58:42.028Z', '2026-05-14T14:58:42.028Z', '2026-05-14T16:58:42.028Z', 3);
insert into visits (id, hospital_id, patient_id, visit_type, status, stage, department_id, attending_doctor_id, registered_by_id, chief_complaint, triage_notes, arrived_at, closed_at, created_at, updated_at, triage_level) values ('79db9b21-d335-4b7c-89c6-1e05b284f8e6', 'f2a209ad-0ed3-481e-99f6-f4dd1feb8b85', '2af6d114-5ee0-4687-8704-97565b70dbbb', 'outpatient', 'closed', 'followed_up', '793f5619-7e36-4a32-a012-d2d2f63a6452', 'b4abb439-bf82-40e2-a3a8-5f653b6621de', '23e00427-7bd4-4a50-834c-340b146b55db', 'Painful urination', NULL, '2026-04-22T19:58:42.028Z', '2026-04-22T23:58:42.028Z', '2026-04-22T19:58:42.028Z', '2026-04-22T23:58:42.028Z', 5);
insert into visits (id, hospital_id, patient_id, visit_type, status, stage, department_id, attending_doctor_id, registered_by_id, chief_complaint, triage_notes, arrived_at, closed_at, created_at, updated_at, triage_level) values ('5b8dc633-aa4a-4743-903e-4317feee2ad6', 'f2a209ad-0ed3-481e-99f6-f4dd1feb8b85', '80697e7f-c7aa-44db-bd7f-84e31fec76ce', 'emergency', 'closed', 'discharged', '793f5619-7e36-4a32-a012-d2d2f63a6452', 'b4abb439-bf82-40e2-a3a8-5f653b6621de', '23e00427-7bd4-4a50-834c-340b146b55db', 'Productive cough', NULL, '2026-05-17T16:58:42.028Z', '2026-05-17T18:58:42.028Z', '2026-05-17T16:58:42.028Z', '2026-05-17T18:58:42.028Z', 2);
insert into visits (id, hospital_id, patient_id, visit_type, status, stage, department_id, attending_doctor_id, registered_by_id, chief_complaint, triage_notes, arrived_at, closed_at, created_at, updated_at, triage_level) values ('2fd51cde-7fed-4822-8789-2f6ec9446893', 'f2a209ad-0ed3-481e-99f6-f4dd1feb8b85', 'b455a82c-b582-4f8c-ba1c-0baafe9adee4', 'emergency', 'closed', 'discharged', '49d0f6a8-554d-4e0e-bcd5-d5967ef0b948', 'cbfd492d-d74b-4ebf-9b8c-d6cbf1a2cb8c', '23e00427-7bd4-4a50-834c-340b146b55db', 'Swelling of the legs', NULL, '2026-04-15T14:58:42.028Z', '2026-04-15T15:58:42.028Z', '2026-04-15T14:58:42.028Z', '2026-04-15T15:58:42.028Z', 2);
insert into visits (id, hospital_id, patient_id, visit_type, status, stage, department_id, attending_doctor_id, registered_by_id, chief_complaint, triage_notes, arrived_at, closed_at, created_at, updated_at, triage_level) values ('577b81bc-ae7f-4487-a0fb-2ed6e186cd11', 'f2a209ad-0ed3-481e-99f6-f4dd1feb8b85', 'a2240b89-e09c-4947-8e38-0e65b18e7a3e', 'emergency', 'closed', 'discharged', '49d0f6a8-554d-4e0e-bcd5-d5967ef0b948', 'cbfd492d-d74b-4ebf-9b8c-d6cbf1a2cb8c', '23e00427-7bd4-4a50-834c-340b146b55db', 'Fainting episode', NULL, '2026-04-24T08:58:42.028Z', '2026-04-24T09:58:42.028Z', '2026-04-24T08:58:42.028Z', '2026-04-24T09:58:42.028Z', 1);
insert into visits (id, hospital_id, patient_id, visit_type, status, stage, department_id, attending_doctor_id, registered_by_id, chief_complaint, triage_notes, arrived_at, closed_at, created_at, updated_at, triage_level) values ('f26d1eac-ddd6-4b63-8080-3878981f5893', 'f2a209ad-0ed3-481e-99f6-f4dd1feb8b85', 'f462facb-42ad-4993-ae43-22e5d06419e1', 'emergency', 'closed', 'discharged', '49d0f6a8-554d-4e0e-bcd5-d5967ef0b948', '49f789f7-be52-4266-8518-2dd3c93bd34d', '23e00427-7bd4-4a50-834c-340b146b55db', 'Painful urination', NULL, '2026-04-28T21:58:42.028Z', '2026-04-29T01:58:42.028Z', '2026-04-28T21:58:42.028Z', '2026-04-29T01:58:42.028Z', 2);
insert into visits (id, hospital_id, patient_id, visit_type, status, stage, department_id, attending_doctor_id, registered_by_id, chief_complaint, triage_notes, arrived_at, closed_at, created_at, updated_at, triage_level) values ('e01c764e-c05d-4418-8f0f-c26bf4cc4f5f', 'f2a209ad-0ed3-481e-99f6-f4dd1feb8b85', '171fffcc-0ec5-4e8e-821a-283197e1cdc7', 'outpatient', 'closed', 'discharged', '49d0f6a8-554d-4e0e-bcd5-d5967ef0b948', 'cbfd492d-d74b-4ebf-9b8c-d6cbf1a2cb8c', '23e00427-7bd4-4a50-834c-340b146b55db', 'Lower back pain', NULL, '2026-04-28T22:58:42.028Z', '2026-04-29T04:58:42.028Z', '2026-04-28T22:58:42.028Z', '2026-04-29T04:58:42.028Z', 4);
insert into visits (id, hospital_id, patient_id, visit_type, status, stage, department_id, attending_doctor_id, registered_by_id, chief_complaint, triage_notes, arrived_at, closed_at, created_at, updated_at, triage_level) values ('c916ea33-6e36-4b2b-8771-58fbb443a754', 'f2a209ad-0ed3-481e-99f6-f4dd1feb8b85', '39733c53-1539-4624-98ba-f13adbafb596', 'outpatient', 'closed', 'followed_up', '793f5619-7e36-4a32-a012-d2d2f63a6452', '2997f245-29a3-4e7c-afad-fed79e80c87f', '23e00427-7bd4-4a50-834c-340b146b55db', 'Joint pain', NULL, '2026-04-23T12:58:42.028Z', '2026-04-23T19:58:42.028Z', '2026-04-23T12:58:42.028Z', '2026-04-23T19:58:42.028Z', 4);
insert into visits (id, hospital_id, patient_id, visit_type, status, stage, department_id, attending_doctor_id, registered_by_id, chief_complaint, triage_notes, arrived_at, closed_at, created_at, updated_at, triage_level) values ('55918f0c-8bc1-4a56-a1ca-29868023b2be', 'f2a209ad-0ed3-481e-99f6-f4dd1feb8b85', 'f554f52e-dea6-4b1e-bb44-7a533d3964cd', 'emergency', 'closed', 'discharged', '793f5619-7e36-4a32-a012-d2d2f63a6452', 'b4abb439-bf82-40e2-a3a8-5f653b6621de', '23e00427-7bd4-4a50-834c-340b146b55db', 'Painful urination', NULL, '2026-05-25T19:58:42.028Z', '2026-05-26T00:58:42.028Z', '2026-05-25T19:58:42.028Z', '2026-05-26T00:58:42.028Z', 1);
insert into visits (id, hospital_id, patient_id, visit_type, status, stage, department_id, attending_doctor_id, registered_by_id, chief_complaint, triage_notes, arrived_at, closed_at, created_at, updated_at, triage_level) values ('f7e890ec-f799-4568-a99c-8f3d14a4448c', 'f2a209ad-0ed3-481e-99f6-f4dd1feb8b85', 'b3702e24-4b05-4851-8314-4712b9fbe42d', 'outpatient', 'closed', 'discharged', '793f5619-7e36-4a32-a012-d2d2f63a6452', '2997f245-29a3-4e7c-afad-fed79e80c87f', '23e00427-7bd4-4a50-834c-340b146b55db', 'Shortness of breath', NULL, '2026-05-10T01:58:42.028Z', '2026-05-10T07:58:42.028Z', '2026-05-10T01:58:42.028Z', '2026-05-10T07:58:42.028Z', 4);
insert into visits (id, hospital_id, patient_id, visit_type, status, stage, department_id, attending_doctor_id, registered_by_id, chief_complaint, triage_notes, arrived_at, closed_at, created_at, updated_at, triage_level) values ('12cf9c4f-eaca-442e-8289-72fb8bb48546', 'f2a209ad-0ed3-481e-99f6-f4dd1feb8b85', '7d16c998-5e0a-4b4f-b6ed-fd8853d97f61', 'outpatient', 'closed', 'followed_up', '793f5619-7e36-4a32-a012-d2d2f63a6452', '2997f245-29a3-4e7c-afad-fed79e80c87f', '23e00427-7bd4-4a50-834c-340b146b55db', 'Abdominal pain', NULL, '2026-05-24T17:58:42.028Z', '2026-05-24T23:58:42.028Z', '2026-05-24T17:58:42.028Z', '2026-05-24T23:58:42.028Z', 5);
insert into visits (id, hospital_id, patient_id, visit_type, status, stage, department_id, attending_doctor_id, registered_by_id, chief_complaint, triage_notes, arrived_at, closed_at, created_at, updated_at, triage_level) values ('7d76665e-9eeb-4e4e-8503-34a5684e3505', 'f2a209ad-0ed3-481e-99f6-f4dd1feb8b85', '8befd0e2-cdf4-4aaa-b425-65f9bfcf140a', 'emergency', 'closed', 'followed_up', '8f3068ad-4461-4acf-8b28-1bee80813007', 'cbb0e027-6635-4afa-b5fa-ee3e45a971a2', '23e00427-7bd4-4a50-834c-340b146b55db', 'Persistent headache', NULL, '2026-04-28T10:58:42.028Z', '2026-04-28T13:58:42.028Z', '2026-04-28T10:58:42.028Z', '2026-04-28T13:58:42.028Z', 1);
insert into visits (id, hospital_id, patient_id, visit_type, status, stage, department_id, attending_doctor_id, registered_by_id, chief_complaint, triage_notes, arrived_at, closed_at, created_at, updated_at, triage_level) values ('06d50617-4555-4b99-9437-40ea98d2fd30', 'f2a209ad-0ed3-481e-99f6-f4dd1feb8b85', 'bdad9f1b-e363-4928-b3c7-8c425820c6d7', 'outpatient', 'closed', 'discharged', '793f5619-7e36-4a32-a012-d2d2f63a6452', 'b4abb439-bf82-40e2-a3a8-5f653b6621de', '23e00427-7bd4-4a50-834c-340b146b55db', 'Difficulty breathing', NULL, '2026-04-30T20:58:42.028Z', '2026-05-01T03:58:42.028Z', '2026-04-30T20:58:42.028Z', '2026-05-01T03:58:42.028Z', 4);
insert into visits (id, hospital_id, patient_id, visit_type, status, stage, department_id, attending_doctor_id, registered_by_id, chief_complaint, triage_notes, arrived_at, closed_at, created_at, updated_at, triage_level) values ('85c79a5f-d0d4-4ded-a8c3-dcaa3b1e158f', 'f2a209ad-0ed3-481e-99f6-f4dd1feb8b85', '3014d7a6-7756-48e4-b297-562e407ca2dc', 'inpatient', 'closed', 'discharged', '49d0f6a8-554d-4e0e-bcd5-d5967ef0b948', 'cbfd492d-d74b-4ebf-9b8c-d6cbf1a2cb8c', '23e00427-7bd4-4a50-834c-340b146b55db', 'Abdominal pain', NULL, '2026-04-15T17:58:42.028Z', '2026-04-16T17:58:42.028Z', '2026-04-15T17:58:42.028Z', '2026-04-16T17:58:42.028Z', 4);
insert into visits (id, hospital_id, patient_id, visit_type, status, stage, department_id, attending_doctor_id, registered_by_id, chief_complaint, triage_notes, arrived_at, closed_at, created_at, updated_at, triage_level) values ('c476e1ee-72f1-478a-a73d-e068a9e74dea', 'f2a209ad-0ed3-481e-99f6-f4dd1feb8b85', '43bfc9c3-e469-43e8-8727-8cb0f0f34039', 'outpatient', 'closed', 'discharged', '49d0f6a8-554d-4e0e-bcd5-d5967ef0b948', 'cbfd492d-d74b-4ebf-9b8c-d6cbf1a2cb8c', '23e00427-7bd4-4a50-834c-340b146b55db', 'Generalized body weakness', NULL, '2026-05-19T21:58:42.028Z', '2026-05-20T00:58:42.028Z', '2026-05-19T21:58:42.028Z', '2026-05-20T00:58:42.028Z', 5);
insert into visits (id, hospital_id, patient_id, visit_type, status, stage, department_id, attending_doctor_id, registered_by_id, chief_complaint, triage_notes, arrived_at, closed_at, created_at, updated_at, triage_level) values ('48d2684b-9cab-4b6c-b702-cdf18f17a336', 'f2a209ad-0ed3-481e-99f6-f4dd1feb8b85', '69a8b586-d042-4fa1-9a36-9494b81035ac', 'outpatient', 'closed', 'followed_up', '793f5619-7e36-4a32-a012-d2d2f63a6452', '2997f245-29a3-4e7c-afad-fed79e80c87f', '23e00427-7bd4-4a50-834c-340b146b55db', 'Swelling of the legs', NULL, '2026-04-20T10:58:42.028Z', '2026-04-20T13:58:42.028Z', '2026-04-20T10:58:42.028Z', '2026-04-20T13:58:42.028Z', 5);
insert into visits (id, hospital_id, patient_id, visit_type, status, stage, department_id, attending_doctor_id, registered_by_id, chief_complaint, triage_notes, arrived_at, closed_at, created_at, updated_at, triage_level) values ('e1eab227-a1d9-4f4a-8067-f6dde1d7be41', 'f2a209ad-0ed3-481e-99f6-f4dd1feb8b85', 'b7f7b970-3ef0-4849-8dd6-ec140233f4c9', 'outpatient', 'closed', 'discharged', '8f3068ad-4461-4acf-8b28-1bee80813007', 'cbb0e027-6635-4afa-b5fa-ee3e45a971a2', '23e00427-7bd4-4a50-834c-340b146b55db', 'Painful urination', NULL, '2026-04-13T19:58:42.028Z', '2026-04-14T03:58:42.028Z', '2026-04-13T19:58:42.028Z', '2026-04-14T03:58:42.028Z', 5);
insert into visits (id, hospital_id, patient_id, visit_type, status, stage, department_id, attending_doctor_id, registered_by_id, chief_complaint, triage_notes, arrived_at, closed_at, created_at, updated_at, triage_level) values ('bca26ecc-c980-4350-a3ac-42d696f035ca', 'f2a209ad-0ed3-481e-99f6-f4dd1feb8b85', 'c9d73cec-d783-4733-baa3-897927b8dc6d', 'outpatient', 'closed', 'discharged', '49d0f6a8-554d-4e0e-bcd5-d5967ef0b948', 'cbfd492d-d74b-4ebf-9b8c-d6cbf1a2cb8c', '23e00427-7bd4-4a50-834c-340b146b55db', 'Persistent headache', NULL, '2026-04-09T18:58:42.028Z', '2026-04-09T21:58:42.028Z', '2026-04-09T18:58:42.028Z', '2026-04-09T21:58:42.028Z', 5);
insert into visits (id, hospital_id, patient_id, visit_type, status, stage, department_id, attending_doctor_id, registered_by_id, chief_complaint, triage_notes, arrived_at, closed_at, created_at, updated_at, triage_level) values ('d124acda-c621-4ef4-8bb7-1bf9ea72521b', 'f2a209ad-0ed3-481e-99f6-f4dd1feb8b85', 'f64c5292-e429-4fa6-9f6e-9b346f5e4b3e', 'outpatient', 'closed', 'discharged', '9d34f266-b10f-4d34-b4bc-aca1a03863c2', '270035e7-1454-4861-bf2b-83b0ec23dc32', '23e00427-7bd4-4a50-834c-340b146b55db', 'Dizziness', NULL, '2026-05-17T03:58:42.029Z', '2026-05-17T04:58:42.029Z', '2026-05-17T03:58:42.029Z', '2026-05-17T04:58:42.029Z', 5);
insert into visits (id, hospital_id, patient_id, visit_type, status, stage, department_id, attending_doctor_id, registered_by_id, chief_complaint, triage_notes, arrived_at, closed_at, created_at, updated_at, triage_level) values ('2d7999e3-f6db-4f95-93e9-40afe2d42810', 'f2a209ad-0ed3-481e-99f6-f4dd1feb8b85', 'cd6e9eef-718f-4722-9675-c1370d8c0af8', 'inpatient', 'closed', 'discharged', '49d0f6a8-554d-4e0e-bcd5-d5967ef0b948', '49f789f7-be52-4266-8518-2dd3c93bd34d', '23e00427-7bd4-4a50-834c-340b146b55db', 'Chest pain', NULL, '2026-04-21T09:58:42.029Z', '2026-04-24T09:58:42.029Z', '2026-04-21T09:58:42.029Z', '2026-04-24T09:58:42.029Z', 2);
insert into visits (id, hospital_id, patient_id, visit_type, status, stage, department_id, attending_doctor_id, registered_by_id, chief_complaint, triage_notes, arrived_at, closed_at, created_at, updated_at, triage_level) values ('864d9288-aca7-4668-9a79-a05891fcfed2', 'f2a209ad-0ed3-481e-99f6-f4dd1feb8b85', '56e7eef1-9cd0-4c96-8b10-5f7972863a8f', 'emergency', 'closed', 'followed_up', '793f5619-7e36-4a32-a012-d2d2f63a6452', 'b4abb439-bf82-40e2-a3a8-5f653b6621de', '23e00427-7bd4-4a50-834c-340b146b55db', 'Swelling of the legs', NULL, '2026-04-14T16:58:42.029Z', '2026-04-14T19:58:42.029Z', '2026-04-14T16:58:42.029Z', '2026-04-14T19:58:42.029Z', 3);
insert into visits (id, hospital_id, patient_id, visit_type, status, stage, department_id, attending_doctor_id, registered_by_id, chief_complaint, triage_notes, arrived_at, closed_at, created_at, updated_at, triage_level) values ('e5fa700c-bd8d-40ef-821d-0614dff9d530', 'f2a209ad-0ed3-481e-99f6-f4dd1feb8b85', '1d7c25a1-79a3-441c-a37a-ba5ca87b6c5f', 'outpatient', 'closed', 'followed_up', '793f5619-7e36-4a32-a012-d2d2f63a6452', 'b4abb439-bf82-40e2-a3a8-5f653b6621de', '23e00427-7bd4-4a50-834c-340b146b55db', 'Shortness of breath', NULL, '2026-06-03T12:58:42.029Z', '2026-06-03T17:58:42.029Z', '2026-06-03T12:58:42.029Z', '2026-06-03T17:58:42.029Z', 5);
insert into visits (id, hospital_id, patient_id, visit_type, status, stage, department_id, attending_doctor_id, registered_by_id, chief_complaint, triage_notes, arrived_at, closed_at, created_at, updated_at, triage_level) values ('5adaf43d-5818-4ceb-84e3-632a12f465a7', 'f2a209ad-0ed3-481e-99f6-f4dd1feb8b85', 'af4e7c6a-ca30-4883-8208-e56f57fb6a08', 'emergency', 'closed', 'discharged', '793f5619-7e36-4a32-a012-d2d2f63a6452', 'b4abb439-bf82-40e2-a3a8-5f653b6621de', '23e00427-7bd4-4a50-834c-340b146b55db', 'Productive cough', NULL, '2026-05-02T23:58:42.029Z', '2026-05-03T06:58:42.029Z', '2026-05-02T23:58:42.029Z', '2026-05-03T06:58:42.029Z', 2);
insert into visits (id, hospital_id, patient_id, visit_type, status, stage, department_id, attending_doctor_id, registered_by_id, chief_complaint, triage_notes, arrived_at, closed_at, created_at, updated_at, triage_level) values ('d131767a-c1ad-422d-9514-10fc3a31cfc9', 'f2a209ad-0ed3-481e-99f6-f4dd1feb8b85', '312ef5aa-aa90-4ecf-9fdd-3670d7d51c30', 'inpatient', 'closed', 'discharged', '793f5619-7e36-4a32-a012-d2d2f63a6452', '2997f245-29a3-4e7c-afad-fed79e80c87f', '23e00427-7bd4-4a50-834c-340b146b55db', 'Productive cough', NULL, '2026-05-27T09:58:42.029Z', '2026-06-02T09:58:42.029Z', '2026-05-27T09:58:42.029Z', '2026-06-02T09:58:42.029Z', 2);
insert into visits (id, hospital_id, patient_id, visit_type, status, stage, department_id, attending_doctor_id, registered_by_id, chief_complaint, triage_notes, arrived_at, closed_at, created_at, updated_at, triage_level) values ('9619c20a-fd6b-437c-93ad-08ec69d3033d', 'f2a209ad-0ed3-481e-99f6-f4dd1feb8b85', 'dcdd8c47-02c0-4987-8002-3e100284a78e', 'inpatient', 'closed', 'followed_up', '49d0f6a8-554d-4e0e-bcd5-d5967ef0b948', '49f789f7-be52-4266-8518-2dd3c93bd34d', '23e00427-7bd4-4a50-834c-340b146b55db', 'Vomiting and diarrhoea', NULL, '2026-05-01T08:58:42.029Z', '2026-05-11T08:58:42.029Z', '2026-05-01T08:58:42.029Z', '2026-05-11T08:58:42.029Z', 3);
insert into visits (id, hospital_id, patient_id, visit_type, status, stage, department_id, attending_doctor_id, registered_by_id, chief_complaint, triage_notes, arrived_at, closed_at, created_at, updated_at, triage_level) values ('e9bd6217-ea3d-4232-897b-bb85c8a6c785', 'f2a209ad-0ed3-481e-99f6-f4dd1feb8b85', '3f9d7a2e-fff8-4fc0-8bd7-a46aa31b3c43', 'emergency', 'closed', 'followed_up', '793f5619-7e36-4a32-a012-d2d2f63a6452', 'b4abb439-bf82-40e2-a3a8-5f653b6621de', '23e00427-7bd4-4a50-834c-340b146b55db', 'Joint pain', NULL, '2026-04-08T04:58:42.029Z', '2026-04-08T07:58:42.029Z', '2026-04-08T04:58:42.029Z', '2026-04-08T07:58:42.029Z', 2);
insert into visits (id, hospital_id, patient_id, visit_type, status, stage, department_id, attending_doctor_id, registered_by_id, chief_complaint, triage_notes, arrived_at, closed_at, created_at, updated_at, triage_level) values ('501302a4-a8af-4792-912f-c6f67b2f0d27', 'f2a209ad-0ed3-481e-99f6-f4dd1feb8b85', '238db01f-f95c-4fc3-8142-dc3bca395397', 'emergency', 'closed', 'discharged', '793f5619-7e36-4a32-a012-d2d2f63a6452', 'b4abb439-bf82-40e2-a3a8-5f653b6621de', '23e00427-7bd4-4a50-834c-340b146b55db', 'Generalized body weakness', NULL, '2026-05-09T08:58:42.029Z', '2026-05-09T15:58:42.029Z', '2026-05-09T08:58:42.029Z', '2026-05-09T15:58:42.029Z', 2);
insert into visits (id, hospital_id, patient_id, visit_type, status, stage, department_id, attending_doctor_id, registered_by_id, chief_complaint, triage_notes, arrived_at, closed_at, created_at, updated_at, triage_level) values ('f69d4a59-b8eb-4aba-8d3c-d578c803713b', 'f2a209ad-0ed3-481e-99f6-f4dd1feb8b85', '17cebb20-ed50-4e74-bd6e-2a43fe1a55a0', 'outpatient', 'closed', 'discharged', '793f5619-7e36-4a32-a012-d2d2f63a6452', '2997f245-29a3-4e7c-afad-fed79e80c87f', '23e00427-7bd4-4a50-834c-340b146b55db', 'Swelling of the legs', NULL, '2026-04-14T09:58:42.029Z', '2026-04-14T15:58:42.029Z', '2026-04-14T09:58:42.029Z', '2026-04-14T15:58:42.029Z', 5);
insert into visits (id, hospital_id, patient_id, visit_type, status, stage, department_id, attending_doctor_id, registered_by_id, chief_complaint, triage_notes, arrived_at, closed_at, created_at, updated_at, triage_level) values ('a0916865-bf82-4ed3-814b-f342fdbea026', 'f2a209ad-0ed3-481e-99f6-f4dd1feb8b85', '206d30b8-f590-4ff5-a8ad-a9abbf4f4d90', 'outpatient', 'closed', 'discharged', '793f5619-7e36-4a32-a012-d2d2f63a6452', 'b4abb439-bf82-40e2-a3a8-5f653b6621de', '23e00427-7bd4-4a50-834c-340b146b55db', 'Fainting episode', NULL, '2026-05-09T02:58:42.029Z', '2026-05-09T07:58:42.029Z', '2026-05-09T02:58:42.029Z', '2026-05-09T07:58:42.029Z', 4);
insert into visits (id, hospital_id, patient_id, visit_type, status, stage, department_id, attending_doctor_id, registered_by_id, chief_complaint, triage_notes, arrived_at, closed_at, created_at, updated_at, triage_level) values ('40a6b447-0290-4c7b-9d67-b635c0101979', 'f2a209ad-0ed3-481e-99f6-f4dd1feb8b85', '2870e157-4456-4136-b8c1-24fee1a17865', 'outpatient', 'closed', 'discharged', '49d0f6a8-554d-4e0e-bcd5-d5967ef0b948', '49f789f7-be52-4266-8518-2dd3c93bd34d', '23e00427-7bd4-4a50-834c-340b146b55db', 'Painful urination', NULL, '2026-05-26T21:58:42.029Z', '2026-05-27T02:58:42.029Z', '2026-05-26T21:58:42.029Z', '2026-05-27T02:58:42.029Z', 5);
insert into visits (id, hospital_id, patient_id, visit_type, status, stage, department_id, attending_doctor_id, registered_by_id, chief_complaint, triage_notes, arrived_at, closed_at, created_at, updated_at, triage_level) values ('cd705958-f968-4109-8236-0db3428ecd82', 'f2a209ad-0ed3-481e-99f6-f4dd1feb8b85', 'ef15b0f2-90b9-4639-945e-905e36b65d83', 'inpatient', 'closed', 'discharged', '793f5619-7e36-4a32-a012-d2d2f63a6452', '2997f245-29a3-4e7c-afad-fed79e80c87f', '23e00427-7bd4-4a50-834c-340b146b55db', 'Dizziness', NULL, '2026-04-25T12:58:42.029Z', '2026-04-26T12:58:42.029Z', '2026-04-25T12:58:42.029Z', '2026-04-26T12:58:42.029Z', 4);
insert into visits (id, hospital_id, patient_id, visit_type, status, stage, department_id, attending_doctor_id, registered_by_id, chief_complaint, triage_notes, arrived_at, closed_at, created_at, updated_at, triage_level) values ('1a880559-1e63-4ff7-8e4c-3a14b24b5a0b', 'f2a209ad-0ed3-481e-99f6-f4dd1feb8b85', 'cfd4fd2b-e61f-48f8-adb2-a3d0db30b50c', 'inpatient', 'closed', 'discharged', '8f3068ad-4461-4acf-8b28-1bee80813007', 'cbb0e027-6635-4afa-b5fa-ee3e45a971a2', '23e00427-7bd4-4a50-834c-340b146b55db', 'Fainting episode', NULL, '2026-05-18T03:58:42.029Z', '2026-05-26T03:58:42.029Z', '2026-05-18T03:58:42.029Z', '2026-05-26T03:58:42.029Z', 3);
insert into visits (id, hospital_id, patient_id, visit_type, status, stage, department_id, attending_doctor_id, registered_by_id, chief_complaint, triage_notes, arrived_at, closed_at, created_at, updated_at, triage_level) values ('60a01f75-0dbe-4a58-a4f7-af4b905f03e9', 'f2a209ad-0ed3-481e-99f6-f4dd1feb8b85', 'e53f6dc7-d83a-4e31-a289-93b1b1f1a6ff', 'outpatient', 'closed', 'discharged', '9d34f266-b10f-4d34-b4bc-aca1a03863c2', '0ec0fbf7-54d0-403f-849a-d18e2ab49415', '23e00427-7bd4-4a50-834c-340b146b55db', 'Generalized body weakness', NULL, '2026-05-09T09:58:42.029Z', '2026-05-09T16:58:42.029Z', '2026-05-09T09:58:42.029Z', '2026-05-09T16:58:42.029Z', 5);
insert into visits (id, hospital_id, patient_id, visit_type, status, stage, department_id, attending_doctor_id, registered_by_id, chief_complaint, triage_notes, arrived_at, closed_at, created_at, updated_at, triage_level) values ('cfdd7410-2167-4d03-b087-a1e111abc50c', 'f2a209ad-0ed3-481e-99f6-f4dd1feb8b85', 'fe6e2014-a118-4fdf-aa0c-0ff52037d992', 'outpatient', 'closed', 'discharged', '793f5619-7e36-4a32-a012-d2d2f63a6452', '2997f245-29a3-4e7c-afad-fed79e80c87f', '23e00427-7bd4-4a50-834c-340b146b55db', 'Abdominal pain', NULL, '2026-05-20T06:58:42.029Z', '2026-05-20T07:58:42.029Z', '2026-05-20T06:58:42.029Z', '2026-05-20T07:58:42.029Z', 5);
insert into visits (id, hospital_id, patient_id, visit_type, status, stage, department_id, attending_doctor_id, registered_by_id, chief_complaint, triage_notes, arrived_at, closed_at, created_at, updated_at, triage_level) values ('6a559bb5-7fe2-4777-b68c-cd7a637aa824', 'f2a209ad-0ed3-481e-99f6-f4dd1feb8b85', '5fed2c4d-0673-4a93-b692-d2175bd92022', 'outpatient', 'closed', 'discharged', '793f5619-7e36-4a32-a012-d2d2f63a6452', 'b4abb439-bf82-40e2-a3a8-5f653b6621de', '23e00427-7bd4-4a50-834c-340b146b55db', 'Vomiting and diarrhoea', NULL, '2026-05-17T15:58:42.029Z', '2026-05-17T22:58:42.029Z', '2026-05-17T15:58:42.029Z', '2026-05-17T22:58:42.029Z', 4);
insert into visits (id, hospital_id, patient_id, visit_type, status, stage, department_id, attending_doctor_id, registered_by_id, chief_complaint, triage_notes, arrived_at, closed_at, created_at, updated_at, triage_level) values ('016f1b82-fa36-4a6d-af7b-940a45200278', 'f2a209ad-0ed3-481e-99f6-f4dd1feb8b85', '24f963a4-2e3c-448e-9680-6982da21acc5', 'outpatient', 'closed', 'followed_up', '49d0f6a8-554d-4e0e-bcd5-d5967ef0b948', '49f789f7-be52-4266-8518-2dd3c93bd34d', '23e00427-7bd4-4a50-834c-340b146b55db', 'Lower back pain', NULL, '2026-05-18T11:58:42.029Z', '2026-05-18T19:58:42.029Z', '2026-05-18T11:58:42.029Z', '2026-05-18T19:58:42.029Z', 5);
insert into visits (id, hospital_id, patient_id, visit_type, status, stage, department_id, attending_doctor_id, registered_by_id, chief_complaint, triage_notes, arrived_at, closed_at, created_at, updated_at, triage_level) values ('b25e25ae-b8ae-4ca9-bbb5-8ad809ed9b00', 'f2a209ad-0ed3-481e-99f6-f4dd1feb8b85', 'e7af5fe5-0932-4987-9cc7-eb4d2eee53eb', 'emergency', 'closed', 'discharged', '9d34f266-b10f-4d34-b4bc-aca1a03863c2', '270035e7-1454-4861-bf2b-83b0ec23dc32', '23e00427-7bd4-4a50-834c-340b146b55db', 'Difficulty breathing', NULL, '2026-06-05T23:58:42.029Z', '2026-06-06T01:58:42.029Z', '2026-06-05T23:58:42.029Z', '2026-06-06T01:58:42.029Z', 1);
insert into visits (id, hospital_id, patient_id, visit_type, status, stage, department_id, attending_doctor_id, registered_by_id, chief_complaint, triage_notes, arrived_at, closed_at, created_at, updated_at, triage_level) values ('4d3ac88b-f3a4-45e0-aa64-b81c1e40cfd1', 'f2a209ad-0ed3-481e-99f6-f4dd1feb8b85', '6cee7658-02ca-462a-9d18-b10a3326cd08', 'inpatient', 'closed', 'discharged', '49d0f6a8-554d-4e0e-bcd5-d5967ef0b948', 'cbfd492d-d74b-4ebf-9b8c-d6cbf1a2cb8c', '23e00427-7bd4-4a50-834c-340b146b55db', 'Persistent headache', NULL, '2026-05-15T03:58:42.029Z', '2026-05-18T03:58:42.029Z', '2026-05-15T03:58:42.029Z', '2026-05-18T03:58:42.029Z', 4);
insert into visits (id, hospital_id, patient_id, visit_type, status, stage, department_id, attending_doctor_id, registered_by_id, chief_complaint, triage_notes, arrived_at, closed_at, created_at, updated_at, triage_level) values ('3e963114-ab8e-49d5-a831-480c427f3917', 'f2a209ad-0ed3-481e-99f6-f4dd1feb8b85', '327eaffb-0709-4db4-9ff0-35b43713b886', 'outpatient', 'closed', 'followed_up', '793f5619-7e36-4a32-a012-d2d2f63a6452', '2997f245-29a3-4e7c-afad-fed79e80c87f', '23e00427-7bd4-4a50-834c-340b146b55db', 'Joint pain', NULL, '2026-05-16T18:58:42.029Z', '2026-05-17T00:58:42.029Z', '2026-05-16T18:58:42.029Z', '2026-05-17T00:58:42.029Z', 5);
insert into visits (id, hospital_id, patient_id, visit_type, status, stage, department_id, attending_doctor_id, registered_by_id, chief_complaint, triage_notes, arrived_at, closed_at, created_at, updated_at, triage_level) values ('69259e04-2b98-4353-9ea8-e90a87365357', 'f2a209ad-0ed3-481e-99f6-f4dd1feb8b85', '08cbbad1-5e76-4cc2-b2cf-817b78897364', 'outpatient', 'closed', 'discharged', '793f5619-7e36-4a32-a012-d2d2f63a6452', '2997f245-29a3-4e7c-afad-fed79e80c87f', '23e00427-7bd4-4a50-834c-340b146b55db', 'Difficulty breathing', NULL, '2026-06-05T21:58:42.029Z', '2026-06-06T03:58:42.029Z', '2026-06-05T21:58:42.029Z', '2026-06-06T03:58:42.029Z', 4);
insert into visits (id, hospital_id, patient_id, visit_type, status, stage, department_id, attending_doctor_id, registered_by_id, chief_complaint, triage_notes, arrived_at, closed_at, created_at, updated_at, triage_level) values ('33bca53f-4b55-4cc5-a658-f049c2223f0e', 'f2a209ad-0ed3-481e-99f6-f4dd1feb8b85', '474a57f2-b351-4745-93a1-9eda501100f4', 'outpatient', 'closed', 'discharged', '793f5619-7e36-4a32-a012-d2d2f63a6452', '2997f245-29a3-4e7c-afad-fed79e80c87f', '23e00427-7bd4-4a50-834c-340b146b55db', 'Fainting episode', NULL, '2026-05-04T09:58:42.029Z', '2026-05-04T11:58:42.029Z', '2026-05-04T09:58:42.029Z', '2026-05-04T11:58:42.029Z', 4);
insert into visits (id, hospital_id, patient_id, visit_type, status, stage, department_id, attending_doctor_id, registered_by_id, chief_complaint, triage_notes, arrived_at, closed_at, created_at, updated_at, triage_level) values ('dd47ee1e-cdab-4b53-a2aa-3577143586f8', 'f2a209ad-0ed3-481e-99f6-f4dd1feb8b85', '66840e60-fccb-449e-93db-6d3037019a5d', 'inpatient', 'closed', 'discharged', '49d0f6a8-554d-4e0e-bcd5-d5967ef0b948', '49f789f7-be52-4266-8518-2dd3c93bd34d', '23e00427-7bd4-4a50-834c-340b146b55db', 'Chest pain', NULL, '2026-04-21T17:58:42.029Z', '2026-04-23T17:58:42.029Z', '2026-04-21T17:58:42.029Z', '2026-04-23T17:58:42.029Z', 4);
insert into visits (id, hospital_id, patient_id, visit_type, status, stage, department_id, attending_doctor_id, registered_by_id, chief_complaint, triage_notes, arrived_at, closed_at, created_at, updated_at, triage_level) values ('a16231d0-ba5f-4763-9656-41939e938874', 'f2a209ad-0ed3-481e-99f6-f4dd1feb8b85', '202bfbe8-160d-4245-aa2c-1ee79effa752', 'outpatient', 'closed', 'followed_up', '9d34f266-b10f-4d34-b4bc-aca1a03863c2', '0ec0fbf7-54d0-403f-849a-d18e2ab49415', '23e00427-7bd4-4a50-834c-340b146b55db', 'Abdominal pain', NULL, '2026-05-26T11:58:42.029Z', '2026-05-26T17:58:42.029Z', '2026-05-26T11:58:42.029Z', '2026-05-26T17:58:42.029Z', 5);
insert into visits (id, hospital_id, patient_id, visit_type, status, stage, department_id, attending_doctor_id, registered_by_id, chief_complaint, triage_notes, arrived_at, closed_at, created_at, updated_at, triage_level) values ('24e8a63c-7763-41e8-8d38-6b708fd9fbcb', 'f2a209ad-0ed3-481e-99f6-f4dd1feb8b85', '4ad8baae-1553-4a83-95e8-cb4753f8a0bf', 'outpatient', 'closed', 'discharged', '9d34f266-b10f-4d34-b4bc-aca1a03863c2', '270035e7-1454-4861-bf2b-83b0ec23dc32', '23e00427-7bd4-4a50-834c-340b146b55db', 'Persistent headache', NULL, '2026-04-24T15:58:42.029Z', '2026-04-24T19:58:42.029Z', '2026-04-24T15:58:42.029Z', '2026-04-24T19:58:42.029Z', 4);

-- consultations (45)
insert into consultations (id, hospital_id, visit_id, doctor_id, subjective, examination, assessment, plan, created_at, updated_at) values ('9cbf24ee-e157-4721-b6f8-d3415b91f43f', 'f2a209ad-0ed3-481e-99f6-f4dd1feb8b85', '46c392cb-158a-4bb7-bb31-f8a6aab8a369', 'b4abb439-bf82-40e2-a3a8-5f653b6621de', 'Reports good adherence to metformin. Occasional polyuria. No hypoglycaemic episodes.', 'Well, afebrile. Feet examined — no ulcers. BMI 28.', 'Type 2 diabetes mellitus, fair control.', 'Check HbA1c. Continue metformin. Dietary reinforcement. Review in 3 months.', '2026-06-07T20:58:42.027Z', '2026-06-07T20:58:42.027Z');
insert into consultations (id, hospital_id, visit_id, doctor_id, subjective, examination, assessment, plan, created_at, updated_at) values ('06cc8698-f3d3-46b3-ac5d-3296527da8b2', 'f2a209ad-0ed3-481e-99f6-f4dd1feb8b85', '8fe73c8f-c7b2-442a-b03d-53340bbe6ba1', '270035e7-1454-4861-bf2b-83b0ec23dc32', 'Mild incisional pain, controlled. Passing flatus.', 'Wound clean and dry. Abdomen soft. Bowel sounds present.', 'Day-2 post laparotomy, recovering well.', 'Continue analgesia & DVT prophylaxis. Mobilize. Monitor wound.', '2026-06-06T20:58:42.027Z', '2026-06-06T20:58:42.027Z');
insert into consultations (id, hospital_id, visit_id, doctor_id, subjective, examination, assessment, plan, created_at, updated_at) values ('8e9b6fb3-e009-419d-9a91-8206bf6976c6', 'f2a209ad-0ed3-481e-99f6-f4dd1feb8b85', '55ad5120-645b-48d9-a33b-922dd182c53d', 'b4abb439-bf82-40e2-a3a8-5f653b6621de', 'Cough improving. No fever for 48h. Appetite returning.', 'Chest clear on auscultation. SpO₂ 98% on air.', 'Community-acquired pneumonia, resolving.', 'Complete oral antibiotics. Plan discharge once finance cleared.', '2026-06-06T22:58:42.027Z', '2026-06-06T22:58:42.027Z');
insert into consultations (id, hospital_id, visit_id, doctor_id, subjective, examination, assessment, plan, created_at, updated_at) values ('e6ffb9e9-8058-482e-b707-86bf19de6f80', 'f2a209ad-0ed3-481e-99f6-f4dd1feb8b85', 'c27b3859-1e03-4d48-bd34-48d7ea0d4d4a', 'b4abb439-bf82-40e2-a3a8-5f653b6621de', 'Unable to obtain — patient unresponsive.', 'GCS 7 on arrival. Pupils equal & reactive. Localizes to pain.', 'Traumatic brain injury, RTA. Awaiting CT head.', 'Neuro protocol, mannitol, close monitoring. CT head urgent.', '2026-06-07T17:58:42.027Z', '2026-06-07T17:58:42.027Z');
insert into consultations (id, hospital_id, visit_id, doctor_id, subjective, examination, assessment, plan, created_at, updated_at) values ('2fbc7f9c-1c0a-4b63-a9cc-25cd9fa9ac01', 'f2a209ad-0ed3-481e-99f6-f4dd1feb8b85', 'ee423f24-19ef-42f0-8932-faabd67cf730', '49f789f7-be52-4266-8518-2dd3c93bd34d', 'Chest pain.', 'Examined; vitals and systems reviewed.', 'Type 2 diabetes mellitus without complications.', 'Commenced treatment; advised review.', '2026-05-09T00:58:42.028Z', '2026-05-09T00:58:42.028Z');
insert into consultations (id, hospital_id, visit_id, doctor_id, subjective, examination, assessment, plan, created_at, updated_at) values ('a4bd0519-35d7-402d-af39-16394cc10050', 'f2a209ad-0ed3-481e-99f6-f4dd1feb8b85', 'cd262f21-930e-4ee5-86e3-e8c8c71199a0', '49f789f7-be52-4266-8518-2dd3c93bd34d', 'Persistent headache.', 'Examined; vitals and systems reviewed.', 'Asthma, unspecified.', 'Commenced treatment; advised review.', '2026-05-07T02:58:42.028Z', '2026-05-07T02:58:42.028Z');
insert into consultations (id, hospital_id, visit_id, doctor_id, subjective, examination, assessment, plan, created_at, updated_at) values ('ceeac759-2784-4dc4-a6bf-4a70821d4fac', 'f2a209ad-0ed3-481e-99f6-f4dd1feb8b85', '2c9f6b6b-240d-40ff-995c-767c06fe8e22', '49f789f7-be52-4266-8518-2dd3c93bd34d', 'Painful urination.', 'Examined; vitals and systems reviewed.', 'Asthma, unspecified.', 'Commenced treatment; advised review.', '2026-05-14T15:58:42.028Z', '2026-05-14T15:58:42.028Z');
insert into consultations (id, hospital_id, visit_id, doctor_id, subjective, examination, assessment, plan, created_at, updated_at) values ('ef7c5c4b-dd5a-467f-8f9d-15939aa82b1e', 'f2a209ad-0ed3-481e-99f6-f4dd1feb8b85', '79db9b21-d335-4b7c-89c6-1e05b284f8e6', 'b4abb439-bf82-40e2-a3a8-5f653b6621de', 'Difficulty breathing.', 'Examined; vitals and systems reviewed.', 'Asthma, unspecified.', 'Commenced treatment; advised review.', '2026-04-22T20:58:42.028Z', '2026-04-22T20:58:42.028Z');
insert into consultations (id, hospital_id, visit_id, doctor_id, subjective, examination, assessment, plan, created_at, updated_at) values ('e2afff10-2beb-4e0f-b86f-2d372f4ab2e3', 'f2a209ad-0ed3-481e-99f6-f4dd1feb8b85', '5b8dc633-aa4a-4743-903e-4317feee2ad6', 'b4abb439-bf82-40e2-a3a8-5f653b6621de', 'Swelling of the legs.', 'Examined; vitals and systems reviewed.', 'Chronic obstructive pulmonary disease.', 'Commenced treatment; advised review.', '2026-05-17T17:58:42.028Z', '2026-05-17T17:58:42.028Z');
insert into consultations (id, hospital_id, visit_id, doctor_id, subjective, examination, assessment, plan, created_at, updated_at) values ('676aa927-e539-4fc8-b0f0-a41cd9414481', 'f2a209ad-0ed3-481e-99f6-f4dd1feb8b85', '577b81bc-ae7f-4487-a0fb-2ed6e186cd11', 'cbfd492d-d74b-4ebf-9b8c-d6cbf1a2cb8c', 'Abdominal pain.', 'Examined; vitals and systems reviewed.', 'Sepsis, unspecified organism.', 'Commenced treatment; advised review.', '2026-04-24T09:58:42.028Z', '2026-04-24T09:58:42.028Z');
insert into consultations (id, hospital_id, visit_id, doctor_id, subjective, examination, assessment, plan, created_at, updated_at) values ('bb6eb873-7963-4750-8087-d883afcbb77d', 'f2a209ad-0ed3-481e-99f6-f4dd1feb8b85', 'f26d1eac-ddd6-4b63-8080-3878981f5893', '49f789f7-be52-4266-8518-2dd3c93bd34d', 'Generalized body weakness.', 'Examined; vitals and systems reviewed.', 'Urinary tract infection, site not specified.', 'Commenced treatment; advised review.', '2026-04-28T22:58:42.028Z', '2026-04-28T22:58:42.028Z');
insert into consultations (id, hospital_id, visit_id, doctor_id, subjective, examination, assessment, plan, created_at, updated_at) values ('163db984-e2de-4c24-96e1-851a77da9ebd', 'f2a209ad-0ed3-481e-99f6-f4dd1feb8b85', 'e01c764e-c05d-4418-8f0f-c26bf4cc4f5f', 'cbfd492d-d74b-4ebf-9b8c-d6cbf1a2cb8c', 'Lower back pain.', 'Examined; vitals and systems reviewed.', 'Type 2 diabetes mellitus without complications.', 'Commenced treatment; advised review.', '2026-04-28T23:58:42.028Z', '2026-04-28T23:58:42.028Z');
insert into consultations (id, hospital_id, visit_id, doctor_id, subjective, examination, assessment, plan, created_at, updated_at) values ('398d68c3-0ff8-4749-9762-748dc350261d', 'f2a209ad-0ed3-481e-99f6-f4dd1feb8b85', 'c916ea33-6e36-4b2b-8771-58fbb443a754', '2997f245-29a3-4e7c-afad-fed79e80c87f', 'Fever and chills.', 'Examined; vitals and systems reviewed.', 'Urinary tract infection, site not specified.', 'Commenced treatment; advised review.', '2026-04-23T13:58:42.028Z', '2026-04-23T13:58:42.028Z');
insert into consultations (id, hospital_id, visit_id, doctor_id, subjective, examination, assessment, plan, created_at, updated_at) values ('f5a81481-20df-4762-94f4-3fb3c6ba2a4d', 'f2a209ad-0ed3-481e-99f6-f4dd1feb8b85', '55918f0c-8bc1-4a56-a1ca-29868023b2be', 'b4abb439-bf82-40e2-a3a8-5f653b6621de', 'Vomiting and diarrhoea.', 'Examined; vitals and systems reviewed.', 'Pneumonia, unspecified organism.', 'Commenced treatment; advised review.', '2026-05-25T20:58:42.028Z', '2026-05-25T20:58:42.028Z');
insert into consultations (id, hospital_id, visit_id, doctor_id, subjective, examination, assessment, plan, created_at, updated_at) values ('41d37ab7-df31-42fd-9e1b-172870a0790b', 'f2a209ad-0ed3-481e-99f6-f4dd1feb8b85', 'f7e890ec-f799-4568-a99c-8f3d14a4448c', '2997f245-29a3-4e7c-afad-fed79e80c87f', 'Persistent headache.', 'Examined; vitals and systems reviewed.', 'Sepsis, unspecified organism.', 'Commenced treatment; advised review.', '2026-05-10T02:58:42.028Z', '2026-05-10T02:58:42.028Z');
insert into consultations (id, hospital_id, visit_id, doctor_id, subjective, examination, assessment, plan, created_at, updated_at) values ('2e5ce182-68bf-4690-9b08-112eb7a35d14', 'f2a209ad-0ed3-481e-99f6-f4dd1feb8b85', '12cf9c4f-eaca-442e-8289-72fb8bb48546', '2997f245-29a3-4e7c-afad-fed79e80c87f', 'Painful urination.', 'Examined; vitals and systems reviewed.', 'Gastritis, unspecified.', 'Commenced treatment; advised review.', '2026-05-24T18:58:42.028Z', '2026-05-24T18:58:42.028Z');
insert into consultations (id, hospital_id, visit_id, doctor_id, subjective, examination, assessment, plan, created_at, updated_at) values ('81c75f0c-f306-4738-b81a-0edabdff5295', 'f2a209ad-0ed3-481e-99f6-f4dd1feb8b85', '7d76665e-9eeb-4e4e-8503-34a5684e3505', 'cbb0e027-6635-4afa-b5fa-ee3e45a971a2', 'Chest pain.', 'Examined; vitals and systems reviewed.', 'Type 2 diabetes mellitus without complications.', 'Commenced treatment; advised review.', '2026-04-28T11:58:42.028Z', '2026-04-28T11:58:42.028Z');
insert into consultations (id, hospital_id, visit_id, doctor_id, subjective, examination, assessment, plan, created_at, updated_at) values ('6059a059-6956-4d56-b404-537d4e9df493', 'f2a209ad-0ed3-481e-99f6-f4dd1feb8b85', '06d50617-4555-4b99-9437-40ea98d2fd30', 'b4abb439-bf82-40e2-a3a8-5f653b6621de', 'Joint pain.', 'Examined; vitals and systems reviewed.', 'Fracture of lower end of right radius.', 'Commenced treatment; advised review.', '2026-04-30T21:58:42.028Z', '2026-04-30T21:58:42.028Z');
insert into consultations (id, hospital_id, visit_id, doctor_id, subjective, examination, assessment, plan, created_at, updated_at) values ('1d0e55a2-e174-4b6b-adeb-943859800d23', 'f2a209ad-0ed3-481e-99f6-f4dd1feb8b85', '85c79a5f-d0d4-4ded-a8c3-dcaa3b1e158f', 'cbfd492d-d74b-4ebf-9b8c-d6cbf1a2cb8c', 'Fainting episode.', 'Examined; vitals and systems reviewed.', 'Urinary tract infection, site not specified.', 'Commenced treatment; advised review.', '2026-04-15T18:58:42.028Z', '2026-04-15T18:58:42.028Z');
insert into consultations (id, hospital_id, visit_id, doctor_id, subjective, examination, assessment, plan, created_at, updated_at) values ('e14436b3-eff5-49fb-9c98-6325b1eb4de2', 'f2a209ad-0ed3-481e-99f6-f4dd1feb8b85', '48d2684b-9cab-4b6c-b702-cdf18f17a336', '2997f245-29a3-4e7c-afad-fed79e80c87f', 'Productive cough.', 'Examined; vitals and systems reviewed.', 'Malaria, unspecified.', 'Commenced treatment; advised review.', '2026-04-20T11:58:42.028Z', '2026-04-20T11:58:42.028Z');
insert into consultations (id, hospital_id, visit_id, doctor_id, subjective, examination, assessment, plan, created_at, updated_at) values ('648f1a14-3b8b-4e05-bca7-5021b470af86', 'f2a209ad-0ed3-481e-99f6-f4dd1feb8b85', 'e1eab227-a1d9-4f4a-8067-f6dde1d7be41', 'cbb0e027-6635-4afa-b5fa-ee3e45a971a2', 'Persistent headache.', 'Examined; vitals and systems reviewed.', 'Type 2 diabetes mellitus without complications.', 'Commenced treatment; advised review.', '2026-04-13T20:58:42.028Z', '2026-04-13T20:58:42.028Z');
insert into consultations (id, hospital_id, visit_id, doctor_id, subjective, examination, assessment, plan, created_at, updated_at) values ('6b1c8271-f54f-4d25-a337-d38c4580193b', 'f2a209ad-0ed3-481e-99f6-f4dd1feb8b85', 'bca26ecc-c980-4350-a3ac-42d696f035ca', 'cbfd492d-d74b-4ebf-9b8c-d6cbf1a2cb8c', 'Difficulty breathing.', 'Examined; vitals and systems reviewed.', 'Malaria, unspecified.', 'Commenced treatment; advised review.', '2026-04-09T19:58:42.028Z', '2026-04-09T19:58:42.028Z');
insert into consultations (id, hospital_id, visit_id, doctor_id, subjective, examination, assessment, plan, created_at, updated_at) values ('7ed71d0e-d851-4650-baa9-47cb4710d167', 'f2a209ad-0ed3-481e-99f6-f4dd1feb8b85', 'd124acda-c621-4ef4-8bb7-1bf9ea72521b', '270035e7-1454-4861-bf2b-83b0ec23dc32', 'Difficulty breathing.', 'Examined; vitals and systems reviewed.', 'Typhoid fever.', 'Commenced treatment; advised review.', '2026-05-17T04:58:42.029Z', '2026-05-17T04:58:42.029Z');
insert into consultations (id, hospital_id, visit_id, doctor_id, subjective, examination, assessment, plan, created_at, updated_at) values ('c384dbda-9430-41e8-98f2-a3f0518614f9', 'f2a209ad-0ed3-481e-99f6-f4dd1feb8b85', '2d7999e3-f6db-4f95-93e9-40afe2d42810', '49f789f7-be52-4266-8518-2dd3c93bd34d', 'Painful urination.', 'Examined; vitals and systems reviewed.', 'Type 2 diabetes mellitus without complications.', 'Commenced treatment; advised review.', '2026-04-21T10:58:42.029Z', '2026-04-21T10:58:42.029Z');
insert into consultations (id, hospital_id, visit_id, doctor_id, subjective, examination, assessment, plan, created_at, updated_at) values ('88cfd0ba-c2f4-4d6d-9338-79a31d9fc528', 'f2a209ad-0ed3-481e-99f6-f4dd1feb8b85', '864d9288-aca7-4668-9a79-a05891fcfed2', 'b4abb439-bf82-40e2-a3a8-5f653b6621de', 'Swelling of the legs.', 'Examined; vitals and systems reviewed.', 'Typhoid fever.', 'Commenced treatment; advised review.', '2026-04-14T17:58:42.029Z', '2026-04-14T17:58:42.029Z');
insert into consultations (id, hospital_id, visit_id, doctor_id, subjective, examination, assessment, plan, created_at, updated_at) values ('e5d001a9-3672-4788-87b0-aa6ef26dbef9', 'f2a209ad-0ed3-481e-99f6-f4dd1feb8b85', '5adaf43d-5818-4ceb-84e3-632a12f465a7', 'b4abb439-bf82-40e2-a3a8-5f653b6621de', 'Vomiting and diarrhoea.', 'Examined; vitals and systems reviewed.', 'Full-term uncomplicated delivery.', 'Commenced treatment; advised review.', '2026-05-03T00:58:42.029Z', '2026-05-03T00:58:42.029Z');
insert into consultations (id, hospital_id, visit_id, doctor_id, subjective, examination, assessment, plan, created_at, updated_at) values ('5b5690c5-28bb-4bf7-a8d1-3d4406d5c231', 'f2a209ad-0ed3-481e-99f6-f4dd1feb8b85', 'd131767a-c1ad-422d-9514-10fc3a31cfc9', '2997f245-29a3-4e7c-afad-fed79e80c87f', 'Fever and chills.', 'Examined; vitals and systems reviewed.', 'Anaemia, unspecified.', 'Commenced treatment; advised review.', '2026-05-27T10:58:42.029Z', '2026-05-27T10:58:42.029Z');
insert into consultations (id, hospital_id, visit_id, doctor_id, subjective, examination, assessment, plan, created_at, updated_at) values ('1a9172dd-8e18-450a-a20c-837e83a94624', 'f2a209ad-0ed3-481e-99f6-f4dd1feb8b85', 'e9bd6217-ea3d-4232-897b-bb85c8a6c785', 'b4abb439-bf82-40e2-a3a8-5f653b6621de', 'Productive cough.', 'Examined; vitals and systems reviewed.', 'Essential (primary) hypertension.', 'Commenced treatment; advised review.', '2026-04-08T05:58:42.029Z', '2026-04-08T05:58:42.029Z');
insert into consultations (id, hospital_id, visit_id, doctor_id, subjective, examination, assessment, plan, created_at, updated_at) values ('fc968f8a-fe52-4baa-9c44-f9e3353a0d7d', 'f2a209ad-0ed3-481e-99f6-f4dd1feb8b85', '501302a4-a8af-4792-912f-c6f67b2f0d27', 'b4abb439-bf82-40e2-a3a8-5f653b6621de', 'Swelling of the legs.', 'Examined; vitals and systems reviewed.', 'Gastritis, unspecified.', 'Commenced treatment; advised review.', '2026-05-09T09:58:42.029Z', '2026-05-09T09:58:42.029Z');
insert into consultations (id, hospital_id, visit_id, doctor_id, subjective, examination, assessment, plan, created_at, updated_at) values ('802afc09-d21c-4a5e-b19b-29809ba8abc4', 'f2a209ad-0ed3-481e-99f6-f4dd1feb8b85', 'f69d4a59-b8eb-4aba-8d3c-d578c803713b', '2997f245-29a3-4e7c-afad-fed79e80c87f', 'Difficulty breathing.', 'Examined; vitals and systems reviewed.', 'Essential (primary) hypertension.', 'Commenced treatment; advised review.', '2026-04-14T10:58:42.029Z', '2026-04-14T10:58:42.029Z');
insert into consultations (id, hospital_id, visit_id, doctor_id, subjective, examination, assessment, plan, created_at, updated_at) values ('db0a948a-6501-4993-a596-f6065a5ce441', 'f2a209ad-0ed3-481e-99f6-f4dd1feb8b85', 'a0916865-bf82-4ed3-814b-f342fdbea026', 'b4abb439-bf82-40e2-a3a8-5f653b6621de', 'Dizziness.', 'Examined; vitals and systems reviewed.', 'Heart failure, unspecified.', 'Commenced treatment; advised review.', '2026-05-09T03:58:42.029Z', '2026-05-09T03:58:42.029Z');
insert into consultations (id, hospital_id, visit_id, doctor_id, subjective, examination, assessment, plan, created_at, updated_at) values ('c901e68c-6ddf-4d2b-8a6c-a15bfcad4102', 'f2a209ad-0ed3-481e-99f6-f4dd1feb8b85', '40a6b447-0290-4c7b-9d67-b635c0101979', '49f789f7-be52-4266-8518-2dd3c93bd34d', 'Productive cough.', 'Examined; vitals and systems reviewed.', 'Sickle-cell crisis.', 'Commenced treatment; advised review.', '2026-05-26T22:58:42.029Z', '2026-05-26T22:58:42.029Z');
insert into consultations (id, hospital_id, visit_id, doctor_id, subjective, examination, assessment, plan, created_at, updated_at) values ('65531bda-5117-4cb0-a9c0-ef56a907ef09', 'f2a209ad-0ed3-481e-99f6-f4dd1feb8b85', 'cd705958-f968-4109-8236-0db3428ecd82', '2997f245-29a3-4e7c-afad-fed79e80c87f', 'Abdominal pain.', 'Examined; vitals and systems reviewed.', 'Typhoid fever.', 'Commenced treatment; advised review.', '2026-04-25T13:58:42.029Z', '2026-04-25T13:58:42.029Z');
insert into consultations (id, hospital_id, visit_id, doctor_id, subjective, examination, assessment, plan, created_at, updated_at) values ('57f82d25-ffe3-4726-bcae-38e827dc2eca', 'f2a209ad-0ed3-481e-99f6-f4dd1feb8b85', '1a880559-1e63-4ff7-8e4c-3a14b24b5a0b', 'cbb0e027-6635-4afa-b5fa-ee3e45a971a2', 'Productive cough.', 'Examined; vitals and systems reviewed.', 'Heart failure, unspecified.', 'Commenced treatment; advised review.', '2026-05-18T04:58:42.029Z', '2026-05-18T04:58:42.029Z');
insert into consultations (id, hospital_id, visit_id, doctor_id, subjective, examination, assessment, plan, created_at, updated_at) values ('6e20ee2b-758a-4fc2-b6c3-e4220e3a83f4', 'f2a209ad-0ed3-481e-99f6-f4dd1feb8b85', '60a01f75-0dbe-4a58-a4f7-af4b905f03e9', '0ec0fbf7-54d0-403f-849a-d18e2ab49415', 'Productive cough.', 'Examined; vitals and systems reviewed.', 'Typhoid fever.', 'Commenced treatment; advised review.', '2026-05-09T10:58:42.029Z', '2026-05-09T10:58:42.029Z');
insert into consultations (id, hospital_id, visit_id, doctor_id, subjective, examination, assessment, plan, created_at, updated_at) values ('be577076-8b63-46da-86a4-dfce9b3654c8', 'f2a209ad-0ed3-481e-99f6-f4dd1feb8b85', 'cfdd7410-2167-4d03-b087-a1e111abc50c', '2997f245-29a3-4e7c-afad-fed79e80c87f', 'Shortness of breath.', 'Examined; vitals and systems reviewed.', 'Urinary tract infection, site not specified.', 'Commenced treatment; advised review.', '2026-05-20T07:58:42.029Z', '2026-05-20T07:58:42.029Z');
insert into consultations (id, hospital_id, visit_id, doctor_id, subjective, examination, assessment, plan, created_at, updated_at) values ('328aad84-25f5-458a-9ef6-619023636ea3', 'f2a209ad-0ed3-481e-99f6-f4dd1feb8b85', '6a559bb5-7fe2-4777-b68c-cd7a637aa824', 'b4abb439-bf82-40e2-a3a8-5f653b6621de', 'Abdominal pain.', 'Examined; vitals and systems reviewed.', 'Infectious gastroenteritis & colitis.', 'Commenced treatment; advised review.', '2026-05-17T16:58:42.029Z', '2026-05-17T16:58:42.029Z');
insert into consultations (id, hospital_id, visit_id, doctor_id, subjective, examination, assessment, plan, created_at, updated_at) values ('3a2f3aec-d3cc-4072-a578-176e0665bd7e', 'f2a209ad-0ed3-481e-99f6-f4dd1feb8b85', '016f1b82-fa36-4a6d-af7b-940a45200278', '49f789f7-be52-4266-8518-2dd3c93bd34d', 'Fainting episode.', 'Examined; vitals and systems reviewed.', 'Malaria, unspecified.', 'Commenced treatment; advised review.', '2026-05-18T12:58:42.029Z', '2026-05-18T12:58:42.029Z');
insert into consultations (id, hospital_id, visit_id, doctor_id, subjective, examination, assessment, plan, created_at, updated_at) values ('d1fcfea1-095d-478d-a9d6-ee2b925d4e78', 'f2a209ad-0ed3-481e-99f6-f4dd1feb8b85', 'b25e25ae-b8ae-4ca9-bbb5-8ad809ed9b00', '270035e7-1454-4861-bf2b-83b0ec23dc32', 'Abdominal pain.', 'Examined; vitals and systems reviewed.', 'Malaria, unspecified.', 'Commenced treatment; advised review.', '2026-06-06T00:58:42.029Z', '2026-06-06T00:58:42.029Z');
insert into consultations (id, hospital_id, visit_id, doctor_id, subjective, examination, assessment, plan, created_at, updated_at) values ('9a820631-c26e-4faa-8a33-815027395a20', 'f2a209ad-0ed3-481e-99f6-f4dd1feb8b85', '3e963114-ab8e-49d5-a831-480c427f3917', '2997f245-29a3-4e7c-afad-fed79e80c87f', 'Painful urination.', 'Examined; vitals and systems reviewed.', 'Infectious gastroenteritis & colitis.', 'Commenced treatment; advised review.', '2026-05-16T19:58:42.029Z', '2026-05-16T19:58:42.029Z');
insert into consultations (id, hospital_id, visit_id, doctor_id, subjective, examination, assessment, plan, created_at, updated_at) values ('62584702-e542-446d-94e3-cdea97f08ec8', 'f2a209ad-0ed3-481e-99f6-f4dd1feb8b85', '69259e04-2b98-4353-9ea8-e90a87365357', '2997f245-29a3-4e7c-afad-fed79e80c87f', 'Shortness of breath.', 'Examined; vitals and systems reviewed.', 'Type 2 diabetes mellitus without complications.', 'Commenced treatment; advised review.', '2026-06-05T22:58:42.029Z', '2026-06-05T22:58:42.029Z');
insert into consultations (id, hospital_id, visit_id, doctor_id, subjective, examination, assessment, plan, created_at, updated_at) values ('dd2c66b6-1f00-4144-88f1-3be1e823b670', 'f2a209ad-0ed3-481e-99f6-f4dd1feb8b85', '33bca53f-4b55-4cc5-a658-f049c2223f0e', '2997f245-29a3-4e7c-afad-fed79e80c87f', 'Painful urination.', 'Examined; vitals and systems reviewed.', 'Gastritis, unspecified.', 'Commenced treatment; advised review.', '2026-05-04T10:58:42.029Z', '2026-05-04T10:58:42.029Z');
insert into consultations (id, hospital_id, visit_id, doctor_id, subjective, examination, assessment, plan, created_at, updated_at) values ('e5ad3f44-2a4a-4973-9539-f340cb6a837f', 'f2a209ad-0ed3-481e-99f6-f4dd1feb8b85', 'dd47ee1e-cdab-4b53-a2aa-3577143586f8', '49f789f7-be52-4266-8518-2dd3c93bd34d', 'Vomiting and diarrhoea.', 'Examined; vitals and systems reviewed.', 'Type 2 diabetes mellitus without complications.', 'Commenced treatment; advised review.', '2026-04-21T18:58:42.029Z', '2026-04-21T18:58:42.029Z');
insert into consultations (id, hospital_id, visit_id, doctor_id, subjective, examination, assessment, plan, created_at, updated_at) values ('27a8e560-310d-40b5-be3d-12331de07320', 'f2a209ad-0ed3-481e-99f6-f4dd1feb8b85', 'a16231d0-ba5f-4763-9656-41939e938874', '0ec0fbf7-54d0-403f-849a-d18e2ab49415', 'Joint pain.', 'Examined; vitals and systems reviewed.', 'Type 2 diabetes mellitus without complications.', 'Commenced treatment; advised review.', '2026-05-26T12:58:42.029Z', '2026-05-26T12:58:42.029Z');
insert into consultations (id, hospital_id, visit_id, doctor_id, subjective, examination, assessment, plan, created_at, updated_at) values ('f5886aea-879b-4b26-887a-7757b8f96eab', 'f2a209ad-0ed3-481e-99f6-f4dd1feb8b85', '24e8a63c-7763-41e8-8d38-6b708fd9fbcb', '270035e7-1454-4861-bf2b-83b0ec23dc32', 'Fainting episode.', 'Examined; vitals and systems reviewed.', 'Asthma, unspecified.', 'Commenced treatment; advised review.', '2026-04-24T16:58:42.029Z', '2026-04-24T16:58:42.029Z');

-- diagnoses (49)
insert into diagnoses (id, hospital_id, visit_id, consultation_id, diagnosed_by_id, icd10_code, description, is_primary, created_at) values ('5cfce377-937f-4502-a0fe-0a2965d1f263', 'f2a209ad-0ed3-481e-99f6-f4dd1feb8b85', '46c392cb-158a-4bb7-bb31-f8a6aab8a369', '9cbf24ee-e157-4721-b6f8-d3415b91f43f', 'b4abb439-bf82-40e2-a3a8-5f653b6621de', 'E11.9', 'Type 2 diabetes mellitus without complications', true, '2026-06-07T20:58:42.027Z');
insert into diagnoses (id, hospital_id, visit_id, consultation_id, diagnosed_by_id, icd10_code, description, is_primary, created_at) values ('a16a35a5-9221-4aaa-8768-24543e80bcd3', 'f2a209ad-0ed3-481e-99f6-f4dd1feb8b85', '55ad5120-645b-48d9-a33b-922dd182c53d', '8e9b6fb3-e009-419d-9a91-8206bf6976c6', 'b4abb439-bf82-40e2-a3a8-5f653b6621de', 'J18.9', 'Pneumonia, unspecified organism', true, '2026-06-06T22:58:42.027Z');
insert into diagnoses (id, hospital_id, visit_id, consultation_id, diagnosed_by_id, icd10_code, description, is_primary, created_at) values ('e2f95356-7c23-4967-8181-5cfd66d22fbc', 'f2a209ad-0ed3-481e-99f6-f4dd1feb8b85', 'c27b3859-1e03-4d48-bd34-48d7ea0d4d4a', 'e6ffb9e9-8058-482e-b707-86bf19de6f80', 'b4abb439-bf82-40e2-a3a8-5f653b6621de', 'S06.9', 'Intracranial injury, unspecified', true, '2026-06-07T17:58:42.027Z');
insert into diagnoses (id, hospital_id, visit_id, consultation_id, diagnosed_by_id, icd10_code, description, is_primary, created_at) values ('f082e551-74bc-4325-b9b6-37c4feee3842', 'f2a209ad-0ed3-481e-99f6-f4dd1feb8b85', 'ee423f24-19ef-42f0-8932-faabd67cf730', '2fbc7f9c-1c0a-4b63-a9cc-25cd9fa9ac01', '49f789f7-be52-4266-8518-2dd3c93bd34d', 'E11.9', 'Type 2 diabetes mellitus without complications', true, '2026-05-09T00:58:42.028Z');
insert into diagnoses (id, hospital_id, visit_id, consultation_id, diagnosed_by_id, icd10_code, description, is_primary, created_at) values ('46c0c380-5667-438e-bd4b-876af3d047ce', 'f2a209ad-0ed3-481e-99f6-f4dd1feb8b85', 'cd262f21-930e-4ee5-86e3-e8c8c71199a0', 'a4bd0519-35d7-402d-af39-16394cc10050', '49f789f7-be52-4266-8518-2dd3c93bd34d', 'J45.909', 'Asthma, unspecified', true, '2026-05-07T02:58:42.028Z');
insert into diagnoses (id, hospital_id, visit_id, consultation_id, diagnosed_by_id, icd10_code, description, is_primary, created_at) values ('589e7679-51b2-4d84-befe-c0100eb27c2e', 'f2a209ad-0ed3-481e-99f6-f4dd1feb8b85', '2c9f6b6b-240d-40ff-995c-767c06fe8e22', 'ceeac759-2784-4dc4-a6bf-4a70821d4fac', '49f789f7-be52-4266-8518-2dd3c93bd34d', 'J45.909', 'Asthma, unspecified', true, '2026-05-14T15:58:42.028Z');
insert into diagnoses (id, hospital_id, visit_id, consultation_id, diagnosed_by_id, icd10_code, description, is_primary, created_at) values ('9845cd63-20ff-4cfb-8aa2-29c60724b104', 'f2a209ad-0ed3-481e-99f6-f4dd1feb8b85', '79db9b21-d335-4b7c-89c6-1e05b284f8e6', 'ef7c5c4b-dd5a-467f-8f9d-15939aa82b1e', 'b4abb439-bf82-40e2-a3a8-5f653b6621de', 'J45.909', 'Asthma, unspecified', true, '2026-04-22T20:58:42.028Z');
insert into diagnoses (id, hospital_id, visit_id, consultation_id, diagnosed_by_id, icd10_code, description, is_primary, created_at) values ('b1a3bd0c-54c2-4bce-8357-5231b3088c87', 'f2a209ad-0ed3-481e-99f6-f4dd1feb8b85', '5b8dc633-aa4a-4743-903e-4317feee2ad6', 'e2afff10-2beb-4e0f-b86f-2d372f4ab2e3', 'b4abb439-bf82-40e2-a3a8-5f653b6621de', 'J44.9', 'Chronic obstructive pulmonary disease', true, '2026-05-17T17:58:42.028Z');
insert into diagnoses (id, hospital_id, visit_id, consultation_id, diagnosed_by_id, icd10_code, description, is_primary, created_at) values ('98427a11-ceb8-4e70-a11f-5c7f3a02c621', 'f2a209ad-0ed3-481e-99f6-f4dd1feb8b85', '2fd51cde-7fed-4822-8789-2f6ec9446893', NULL, 'cbfd492d-d74b-4ebf-9b8c-d6cbf1a2cb8c', 'B54', 'Malaria, unspecified', true, '2026-04-15T15:58:42.028Z');
insert into diagnoses (id, hospital_id, visit_id, consultation_id, diagnosed_by_id, icd10_code, description, is_primary, created_at) values ('9ffb3b1a-37b2-4b34-8dac-a8e545cf2b49', 'f2a209ad-0ed3-481e-99f6-f4dd1feb8b85', '577b81bc-ae7f-4487-a0fb-2ed6e186cd11', '676aa927-e539-4fc8-b0f0-a41cd9414481', 'cbfd492d-d74b-4ebf-9b8c-d6cbf1a2cb8c', 'A41.9', 'Sepsis, unspecified organism', true, '2026-04-24T09:58:42.028Z');
insert into diagnoses (id, hospital_id, visit_id, consultation_id, diagnosed_by_id, icd10_code, description, is_primary, created_at) values ('8278229a-4b8e-4f8f-a54b-7749cce0031c', 'f2a209ad-0ed3-481e-99f6-f4dd1feb8b85', 'f26d1eac-ddd6-4b63-8080-3878981f5893', 'bb6eb873-7963-4750-8087-d883afcbb77d', '49f789f7-be52-4266-8518-2dd3c93bd34d', 'N39.0', 'Urinary tract infection, site not specified', true, '2026-04-28T22:58:42.028Z');
insert into diagnoses (id, hospital_id, visit_id, consultation_id, diagnosed_by_id, icd10_code, description, is_primary, created_at) values ('1dd9e4a9-11ec-4f6c-8119-2e3c1056b487', 'f2a209ad-0ed3-481e-99f6-f4dd1feb8b85', 'e01c764e-c05d-4418-8f0f-c26bf4cc4f5f', '163db984-e2de-4c24-96e1-851a77da9ebd', 'cbfd492d-d74b-4ebf-9b8c-d6cbf1a2cb8c', 'E11.9', 'Type 2 diabetes mellitus without complications', true, '2026-04-28T23:58:42.028Z');
insert into diagnoses (id, hospital_id, visit_id, consultation_id, diagnosed_by_id, icd10_code, description, is_primary, created_at) values ('1b8c3f60-f70a-4c8d-bdc2-9a57e070708c', 'f2a209ad-0ed3-481e-99f6-f4dd1feb8b85', 'c916ea33-6e36-4b2b-8771-58fbb443a754', '398d68c3-0ff8-4749-9762-748dc350261d', '2997f245-29a3-4e7c-afad-fed79e80c87f', 'N39.0', 'Urinary tract infection, site not specified', true, '2026-04-23T13:58:42.028Z');
insert into diagnoses (id, hospital_id, visit_id, consultation_id, diagnosed_by_id, icd10_code, description, is_primary, created_at) values ('3b30403f-a03d-4aad-b499-c985dafe615d', 'f2a209ad-0ed3-481e-99f6-f4dd1feb8b85', '55918f0c-8bc1-4a56-a1ca-29868023b2be', 'f5a81481-20df-4762-94f4-3fb3c6ba2a4d', 'b4abb439-bf82-40e2-a3a8-5f653b6621de', 'J18.9', 'Pneumonia, unspecified organism', true, '2026-05-25T20:58:42.028Z');
insert into diagnoses (id, hospital_id, visit_id, consultation_id, diagnosed_by_id, icd10_code, description, is_primary, created_at) values ('12f67d82-2084-4fdd-8f44-1b9402904826', 'f2a209ad-0ed3-481e-99f6-f4dd1feb8b85', 'f7e890ec-f799-4568-a99c-8f3d14a4448c', '41d37ab7-df31-42fd-9e1b-172870a0790b', '2997f245-29a3-4e7c-afad-fed79e80c87f', 'A41.9', 'Sepsis, unspecified organism', true, '2026-05-10T02:58:42.028Z');
insert into diagnoses (id, hospital_id, visit_id, consultation_id, diagnosed_by_id, icd10_code, description, is_primary, created_at) values ('8d005599-9997-49f9-93be-cc7781ada559', 'f2a209ad-0ed3-481e-99f6-f4dd1feb8b85', '12cf9c4f-eaca-442e-8289-72fb8bb48546', '2e5ce182-68bf-4690-9b08-112eb7a35d14', '2997f245-29a3-4e7c-afad-fed79e80c87f', 'K29.70', 'Gastritis, unspecified', true, '2026-05-24T18:58:42.028Z');
insert into diagnoses (id, hospital_id, visit_id, consultation_id, diagnosed_by_id, icd10_code, description, is_primary, created_at) values ('eadca388-29a7-476a-9c1e-cad95874dcea', 'f2a209ad-0ed3-481e-99f6-f4dd1feb8b85', '7d76665e-9eeb-4e4e-8503-34a5684e3505', '81c75f0c-f306-4738-b81a-0edabdff5295', 'cbb0e027-6635-4afa-b5fa-ee3e45a971a2', 'E11.9', 'Type 2 diabetes mellitus without complications', true, '2026-04-28T11:58:42.028Z');
insert into diagnoses (id, hospital_id, visit_id, consultation_id, diagnosed_by_id, icd10_code, description, is_primary, created_at) values ('6279867d-bd2c-4ae3-9cd1-5873e0552a59', 'f2a209ad-0ed3-481e-99f6-f4dd1feb8b85', '06d50617-4555-4b99-9437-40ea98d2fd30', '6059a059-6956-4d56-b404-537d4e9df493', 'b4abb439-bf82-40e2-a3a8-5f653b6621de', 'S52.501A', 'Fracture of lower end of right radius', true, '2026-04-30T21:58:42.028Z');
insert into diagnoses (id, hospital_id, visit_id, consultation_id, diagnosed_by_id, icd10_code, description, is_primary, created_at) values ('80dd881c-6645-4f3e-801c-048b4d783870', 'f2a209ad-0ed3-481e-99f6-f4dd1feb8b85', '85c79a5f-d0d4-4ded-a8c3-dcaa3b1e158f', '1d0e55a2-e174-4b6b-adeb-943859800d23', 'cbfd492d-d74b-4ebf-9b8c-d6cbf1a2cb8c', 'N39.0', 'Urinary tract infection, site not specified', true, '2026-04-15T18:58:42.028Z');
insert into diagnoses (id, hospital_id, visit_id, consultation_id, diagnosed_by_id, icd10_code, description, is_primary, created_at) values ('b94300c9-5746-48cf-b6ca-25d90c6d0c5d', 'f2a209ad-0ed3-481e-99f6-f4dd1feb8b85', 'c476e1ee-72f1-478a-a73d-e068a9e74dea', NULL, 'cbfd492d-d74b-4ebf-9b8c-d6cbf1a2cb8c', 'E11.9', 'Type 2 diabetes mellitus without complications', true, '2026-05-19T22:58:42.028Z');
insert into diagnoses (id, hospital_id, visit_id, consultation_id, diagnosed_by_id, icd10_code, description, is_primary, created_at) values ('ae4258f9-00f0-4d03-bb01-5c07af468e8e', 'f2a209ad-0ed3-481e-99f6-f4dd1feb8b85', '48d2684b-9cab-4b6c-b702-cdf18f17a336', 'e14436b3-eff5-49fb-9c98-6325b1eb4de2', '2997f245-29a3-4e7c-afad-fed79e80c87f', 'B54', 'Malaria, unspecified', true, '2026-04-20T11:58:42.028Z');
insert into diagnoses (id, hospital_id, visit_id, consultation_id, diagnosed_by_id, icd10_code, description, is_primary, created_at) values ('bf051e7c-aa94-45fa-8230-7be8ec6fb7d3', 'f2a209ad-0ed3-481e-99f6-f4dd1feb8b85', 'e1eab227-a1d9-4f4a-8067-f6dde1d7be41', '648f1a14-3b8b-4e05-bca7-5021b470af86', 'cbb0e027-6635-4afa-b5fa-ee3e45a971a2', 'E11.9', 'Type 2 diabetes mellitus without complications', true, '2026-04-13T20:58:42.028Z');
insert into diagnoses (id, hospital_id, visit_id, consultation_id, diagnosed_by_id, icd10_code, description, is_primary, created_at) values ('db377d92-ee9c-4625-b1dd-93f02f7bcdcd', 'f2a209ad-0ed3-481e-99f6-f4dd1feb8b85', 'bca26ecc-c980-4350-a3ac-42d696f035ca', '6b1c8271-f54f-4d25-a337-d38c4580193b', 'cbfd492d-d74b-4ebf-9b8c-d6cbf1a2cb8c', 'B54', 'Malaria, unspecified', true, '2026-04-09T19:58:42.028Z');
insert into diagnoses (id, hospital_id, visit_id, consultation_id, diagnosed_by_id, icd10_code, description, is_primary, created_at) values ('9909e74a-4483-4dfe-9c35-d5ad1feb0d87', 'f2a209ad-0ed3-481e-99f6-f4dd1feb8b85', 'd124acda-c621-4ef4-8bb7-1bf9ea72521b', '7ed71d0e-d851-4650-baa9-47cb4710d167', '270035e7-1454-4861-bf2b-83b0ec23dc32', 'A01.0', 'Typhoid fever', true, '2026-05-17T04:58:42.029Z');
insert into diagnoses (id, hospital_id, visit_id, consultation_id, diagnosed_by_id, icd10_code, description, is_primary, created_at) values ('095c63fc-5b53-4608-af4c-2bb104fde11e', 'f2a209ad-0ed3-481e-99f6-f4dd1feb8b85', '2d7999e3-f6db-4f95-93e9-40afe2d42810', 'c384dbda-9430-41e8-98f2-a3f0518614f9', '49f789f7-be52-4266-8518-2dd3c93bd34d', 'E11.9', 'Type 2 diabetes mellitus without complications', true, '2026-04-21T10:58:42.029Z');
insert into diagnoses (id, hospital_id, visit_id, consultation_id, diagnosed_by_id, icd10_code, description, is_primary, created_at) values ('a6554a6a-db3f-4d6e-82b4-367759715e30', 'f2a209ad-0ed3-481e-99f6-f4dd1feb8b85', '864d9288-aca7-4668-9a79-a05891fcfed2', '88cfd0ba-c2f4-4d6d-9338-79a31d9fc528', 'b4abb439-bf82-40e2-a3a8-5f653b6621de', 'A01.0', 'Typhoid fever', true, '2026-04-14T17:58:42.029Z');
insert into diagnoses (id, hospital_id, visit_id, consultation_id, diagnosed_by_id, icd10_code, description, is_primary, created_at) values ('49c1980b-bcbe-4ef6-9d38-25b872b43a4c', 'f2a209ad-0ed3-481e-99f6-f4dd1feb8b85', 'e5fa700c-bd8d-40ef-821d-0614dff9d530', NULL, 'b4abb439-bf82-40e2-a3a8-5f653b6621de', 'A41.9', 'Sepsis, unspecified organism', true, '2026-06-03T13:58:42.029Z');
insert into diagnoses (id, hospital_id, visit_id, consultation_id, diagnosed_by_id, icd10_code, description, is_primary, created_at) values ('c02d6b09-2e7e-49d9-9e50-06d218cd5046', 'f2a209ad-0ed3-481e-99f6-f4dd1feb8b85', '5adaf43d-5818-4ceb-84e3-632a12f465a7', 'e5d001a9-3672-4788-87b0-aa6ef26dbef9', 'b4abb439-bf82-40e2-a3a8-5f653b6621de', 'O80', 'Full-term uncomplicated delivery', true, '2026-05-03T00:58:42.029Z');
insert into diagnoses (id, hospital_id, visit_id, consultation_id, diagnosed_by_id, icd10_code, description, is_primary, created_at) values ('0be1c7ba-dae7-4fbd-aff6-eb6f883372fa', 'f2a209ad-0ed3-481e-99f6-f4dd1feb8b85', 'd131767a-c1ad-422d-9514-10fc3a31cfc9', '5b5690c5-28bb-4bf7-a8d1-3d4406d5c231', '2997f245-29a3-4e7c-afad-fed79e80c87f', 'D64.9', 'Anaemia, unspecified', true, '2026-05-27T10:58:42.029Z');
insert into diagnoses (id, hospital_id, visit_id, consultation_id, diagnosed_by_id, icd10_code, description, is_primary, created_at) values ('62becc6a-b2df-4c82-b467-c99148416e8d', 'f2a209ad-0ed3-481e-99f6-f4dd1feb8b85', '9619c20a-fd6b-437c-93ad-08ec69d3033d', NULL, '49f789f7-be52-4266-8518-2dd3c93bd34d', 'A09', 'Infectious gastroenteritis & colitis', true, '2026-05-01T09:58:42.029Z');
insert into diagnoses (id, hospital_id, visit_id, consultation_id, diagnosed_by_id, icd10_code, description, is_primary, created_at) values ('5fc5bf89-4ddb-4fb0-8601-1500f8e28210', 'f2a209ad-0ed3-481e-99f6-f4dd1feb8b85', 'e9bd6217-ea3d-4232-897b-bb85c8a6c785', '1a9172dd-8e18-450a-a20c-837e83a94624', 'b4abb439-bf82-40e2-a3a8-5f653b6621de', 'I10', 'Essential (primary) hypertension', true, '2026-04-08T05:58:42.029Z');
insert into diagnoses (id, hospital_id, visit_id, consultation_id, diagnosed_by_id, icd10_code, description, is_primary, created_at) values ('8b3eccfe-ab76-4b48-a38e-0d649361f5d2', 'f2a209ad-0ed3-481e-99f6-f4dd1feb8b85', '501302a4-a8af-4792-912f-c6f67b2f0d27', 'fc968f8a-fe52-4baa-9c44-f9e3353a0d7d', 'b4abb439-bf82-40e2-a3a8-5f653b6621de', 'K29.70', 'Gastritis, unspecified', true, '2026-05-09T09:58:42.029Z');
insert into diagnoses (id, hospital_id, visit_id, consultation_id, diagnosed_by_id, icd10_code, description, is_primary, created_at) values ('2ce4bf43-18b8-4d86-b97c-2dfcd8449038', 'f2a209ad-0ed3-481e-99f6-f4dd1feb8b85', 'f69d4a59-b8eb-4aba-8d3c-d578c803713b', '802afc09-d21c-4a5e-b19b-29809ba8abc4', '2997f245-29a3-4e7c-afad-fed79e80c87f', 'I10', 'Essential (primary) hypertension', true, '2026-04-14T10:58:42.029Z');
insert into diagnoses (id, hospital_id, visit_id, consultation_id, diagnosed_by_id, icd10_code, description, is_primary, created_at) values ('3b261ac2-0c12-42c4-abe0-978d4155d3f6', 'f2a209ad-0ed3-481e-99f6-f4dd1feb8b85', 'a0916865-bf82-4ed3-814b-f342fdbea026', 'db0a948a-6501-4993-a596-f6065a5ce441', 'b4abb439-bf82-40e2-a3a8-5f653b6621de', 'I50.9', 'Heart failure, unspecified', true, '2026-05-09T03:58:42.029Z');
insert into diagnoses (id, hospital_id, visit_id, consultation_id, diagnosed_by_id, icd10_code, description, is_primary, created_at) values ('941a0f09-2893-4cb2-89ae-800396c6d416', 'f2a209ad-0ed3-481e-99f6-f4dd1feb8b85', '40a6b447-0290-4c7b-9d67-b635c0101979', 'c901e68c-6ddf-4d2b-8a6c-a15bfcad4102', '49f789f7-be52-4266-8518-2dd3c93bd34d', 'D57.00', 'Sickle-cell crisis', true, '2026-05-26T22:58:42.029Z');
insert into diagnoses (id, hospital_id, visit_id, consultation_id, diagnosed_by_id, icd10_code, description, is_primary, created_at) values ('9ce4f620-53fd-4921-84bd-ca94dab8debf', 'f2a209ad-0ed3-481e-99f6-f4dd1feb8b85', 'cd705958-f968-4109-8236-0db3428ecd82', '65531bda-5117-4cb0-a9c0-ef56a907ef09', '2997f245-29a3-4e7c-afad-fed79e80c87f', 'A01.0', 'Typhoid fever', true, '2026-04-25T13:58:42.029Z');
insert into diagnoses (id, hospital_id, visit_id, consultation_id, diagnosed_by_id, icd10_code, description, is_primary, created_at) values ('fe579201-192c-4d7e-a70d-90766ba11761', 'f2a209ad-0ed3-481e-99f6-f4dd1feb8b85', '1a880559-1e63-4ff7-8e4c-3a14b24b5a0b', '57f82d25-ffe3-4726-bcae-38e827dc2eca', 'cbb0e027-6635-4afa-b5fa-ee3e45a971a2', 'I50.9', 'Heart failure, unspecified', true, '2026-05-18T04:58:42.029Z');
insert into diagnoses (id, hospital_id, visit_id, consultation_id, diagnosed_by_id, icd10_code, description, is_primary, created_at) values ('1bf9b30c-5ba7-4437-8a26-ded7f2d121f9', 'f2a209ad-0ed3-481e-99f6-f4dd1feb8b85', '60a01f75-0dbe-4a58-a4f7-af4b905f03e9', '6e20ee2b-758a-4fc2-b6c3-e4220e3a83f4', '0ec0fbf7-54d0-403f-849a-d18e2ab49415', 'A01.0', 'Typhoid fever', true, '2026-05-09T10:58:42.029Z');
insert into diagnoses (id, hospital_id, visit_id, consultation_id, diagnosed_by_id, icd10_code, description, is_primary, created_at) values ('438918e3-4de5-46f6-b62a-48e32fc89dad', 'f2a209ad-0ed3-481e-99f6-f4dd1feb8b85', 'cfdd7410-2167-4d03-b087-a1e111abc50c', 'be577076-8b63-46da-86a4-dfce9b3654c8', '2997f245-29a3-4e7c-afad-fed79e80c87f', 'N39.0', 'Urinary tract infection, site not specified', true, '2026-05-20T07:58:42.029Z');
insert into diagnoses (id, hospital_id, visit_id, consultation_id, diagnosed_by_id, icd10_code, description, is_primary, created_at) values ('7510dd32-042a-4617-9a05-5ddd33953f2f', 'f2a209ad-0ed3-481e-99f6-f4dd1feb8b85', '6a559bb5-7fe2-4777-b68c-cd7a637aa824', '328aad84-25f5-458a-9ef6-619023636ea3', 'b4abb439-bf82-40e2-a3a8-5f653b6621de', 'A09', 'Infectious gastroenteritis & colitis', true, '2026-05-17T16:58:42.029Z');
insert into diagnoses (id, hospital_id, visit_id, consultation_id, diagnosed_by_id, icd10_code, description, is_primary, created_at) values ('db3946cb-9fa3-4cc4-9918-219d01787c18', 'f2a209ad-0ed3-481e-99f6-f4dd1feb8b85', '016f1b82-fa36-4a6d-af7b-940a45200278', '3a2f3aec-d3cc-4072-a578-176e0665bd7e', '49f789f7-be52-4266-8518-2dd3c93bd34d', 'B54', 'Malaria, unspecified', true, '2026-05-18T12:58:42.029Z');
insert into diagnoses (id, hospital_id, visit_id, consultation_id, diagnosed_by_id, icd10_code, description, is_primary, created_at) values ('3f819103-b284-4ba6-8b24-5d69b22887b6', 'f2a209ad-0ed3-481e-99f6-f4dd1feb8b85', 'b25e25ae-b8ae-4ca9-bbb5-8ad809ed9b00', 'd1fcfea1-095d-478d-a9d6-ee2b925d4e78', '270035e7-1454-4861-bf2b-83b0ec23dc32', 'B54', 'Malaria, unspecified', true, '2026-06-06T00:58:42.029Z');
insert into diagnoses (id, hospital_id, visit_id, consultation_id, diagnosed_by_id, icd10_code, description, is_primary, created_at) values ('72444a5d-d6cd-4dc3-be1f-7d73aa4cfde0', 'f2a209ad-0ed3-481e-99f6-f4dd1feb8b85', '4d3ac88b-f3a4-45e0-aa64-b81c1e40cfd1', NULL, 'cbfd492d-d74b-4ebf-9b8c-d6cbf1a2cb8c', 'A41.9', 'Sepsis, unspecified organism', true, '2026-05-15T04:58:42.029Z');
insert into diagnoses (id, hospital_id, visit_id, consultation_id, diagnosed_by_id, icd10_code, description, is_primary, created_at) values ('644cf8f4-0004-4e1b-87f7-838f9d54055d', 'f2a209ad-0ed3-481e-99f6-f4dd1feb8b85', '3e963114-ab8e-49d5-a831-480c427f3917', '9a820631-c26e-4faa-8a33-815027395a20', '2997f245-29a3-4e7c-afad-fed79e80c87f', 'A09', 'Infectious gastroenteritis & colitis', true, '2026-05-16T19:58:42.029Z');
insert into diagnoses (id, hospital_id, visit_id, consultation_id, diagnosed_by_id, icd10_code, description, is_primary, created_at) values ('d0c5ed4d-768b-4f8a-965a-6672d777f318', 'f2a209ad-0ed3-481e-99f6-f4dd1feb8b85', '69259e04-2b98-4353-9ea8-e90a87365357', '62584702-e542-446d-94e3-cdea97f08ec8', '2997f245-29a3-4e7c-afad-fed79e80c87f', 'E11.9', 'Type 2 diabetes mellitus without complications', true, '2026-06-05T22:58:42.029Z');
insert into diagnoses (id, hospital_id, visit_id, consultation_id, diagnosed_by_id, icd10_code, description, is_primary, created_at) values ('7c48e564-4ce8-4484-8a15-f2a0f0024bb4', 'f2a209ad-0ed3-481e-99f6-f4dd1feb8b85', '33bca53f-4b55-4cc5-a658-f049c2223f0e', 'dd2c66b6-1f00-4144-88f1-3be1e823b670', '2997f245-29a3-4e7c-afad-fed79e80c87f', 'K29.70', 'Gastritis, unspecified', true, '2026-05-04T10:58:42.029Z');
insert into diagnoses (id, hospital_id, visit_id, consultation_id, diagnosed_by_id, icd10_code, description, is_primary, created_at) values ('d6436b81-043f-43f8-900c-1fca0c889e96', 'f2a209ad-0ed3-481e-99f6-f4dd1feb8b85', 'dd47ee1e-cdab-4b53-a2aa-3577143586f8', 'e5ad3f44-2a4a-4973-9539-f340cb6a837f', '49f789f7-be52-4266-8518-2dd3c93bd34d', 'E11.9', 'Type 2 diabetes mellitus without complications', true, '2026-04-21T18:58:42.029Z');
insert into diagnoses (id, hospital_id, visit_id, consultation_id, diagnosed_by_id, icd10_code, description, is_primary, created_at) values ('b8a3a282-9ade-4d6d-918b-a4d9f517f756', 'f2a209ad-0ed3-481e-99f6-f4dd1feb8b85', 'a16231d0-ba5f-4763-9656-41939e938874', '27a8e560-310d-40b5-be3d-12331de07320', '0ec0fbf7-54d0-403f-849a-d18e2ab49415', 'E11.9', 'Type 2 diabetes mellitus without complications', true, '2026-05-26T12:58:42.029Z');
insert into diagnoses (id, hospital_id, visit_id, consultation_id, diagnosed_by_id, icd10_code, description, is_primary, created_at) values ('65f7baa7-2d22-4fb9-a335-d714b5d1eaac', 'f2a209ad-0ed3-481e-99f6-f4dd1feb8b85', '24e8a63c-7763-41e8-8d38-6b708fd9fbcb', 'f5886aea-879b-4b26-887a-7757b8f96eab', '270035e7-1454-4861-bf2b-83b0ec23dc32', 'J45.909', 'Asthma, unspecified', true, '2026-04-24T16:58:42.029Z');

-- orders (42)
insert into orders (id, hospital_id, visit_id, ordered_by_id, order_type, description, status, created_at, completed_at, updated_at) values ('49a912e1-70f1-4b3f-86b1-fdfc31c11c69', 'f2a209ad-0ed3-481e-99f6-f4dd1feb8b85', '46c392cb-158a-4bb7-bb31-f8a6aab8a369', 'b4abb439-bf82-40e2-a3a8-5f653b6621de', 'lab', 'HbA1c', 'completed', '2026-06-07T20:58:42.027Z', '2026-06-07T21:58:42.027Z', '2026-06-07T21:58:42.027Z');
insert into orders (id, hospital_id, visit_id, ordered_by_id, order_type, description, status, created_at, completed_at, updated_at) values ('89bf451d-ca66-4547-bb25-88cda5dae0b3', 'f2a209ad-0ed3-481e-99f6-f4dd1feb8b85', '55ad5120-645b-48d9-a33b-922dd182c53d', 'b4abb439-bf82-40e2-a3a8-5f653b6621de', 'imaging', 'Chest X-ray (PA)', 'completed', '2026-06-04T04:58:42.027Z', '2026-06-04T06:58:42.027Z', '2026-06-04T06:58:42.027Z');
insert into orders (id, hospital_id, visit_id, ordered_by_id, order_type, description, status, created_at, completed_at, updated_at) values ('3079c39b-771a-4616-8d73-39f58334bf2c', 'f2a209ad-0ed3-481e-99f6-f4dd1feb8b85', 'c27b3859-1e03-4d48-bd34-48d7ea0d4d4a', 'b4abb439-bf82-40e2-a3a8-5f653b6621de', 'imaging', 'CT head (non-contrast)', 'in_progress', '2026-06-07T17:58:42.027Z', NULL, '2026-06-07T18:58:42.027Z');
insert into orders (id, hospital_id, visit_id, ordered_by_id, order_type, description, status, created_at, completed_at, updated_at) values ('3f3a62ae-e1cb-42ac-94d2-8d9526fa91ee', 'f2a209ad-0ed3-481e-99f6-f4dd1feb8b85', 'f4c3ba6e-c8ee-4041-9f51-8ff12afa6950', 'b4abb439-bf82-40e2-a3a8-5f653b6621de', 'lab', 'Troponin I', 'requested', '2026-06-07T19:58:42.027Z', NULL, '2026-06-07T19:58:42.027Z');
insert into orders (id, hospital_id, visit_id, ordered_by_id, order_type, description, status, created_at, completed_at, updated_at) values ('f799d924-110a-4186-adc3-aad26cc2171b', 'f2a209ad-0ed3-481e-99f6-f4dd1feb8b85', '46c392cb-158a-4bb7-bb31-f8a6aab8a369', 'b4abb439-bf82-40e2-a3a8-5f653b6621de', 'lab', 'Fasting lipid panel', 'requested', '2026-06-07T20:58:42.027Z', NULL, '2026-06-07T20:58:42.027Z');
insert into orders (id, hospital_id, visit_id, ordered_by_id, order_type, description, status, created_at, completed_at, updated_at) values ('a4e813e7-67e4-4e03-b6e0-9796e4737e86', 'f2a209ad-0ed3-481e-99f6-f4dd1feb8b85', 'cd262f21-930e-4ee5-86e3-e8c8c71199a0', '49f789f7-be52-4266-8518-2dd3c93bd34d', 'lab', 'Random blood glucose', 'completed', '2026-05-07T01:58:42.028Z', '2026-05-07T10:58:42.028Z', '2026-05-07T10:58:42.028Z');
insert into orders (id, hospital_id, visit_id, ordered_by_id, order_type, description, status, created_at, completed_at, updated_at) values ('9a48cd34-71db-499b-864a-e8f411f01777', 'f2a209ad-0ed3-481e-99f6-f4dd1feb8b85', 'cd262f21-930e-4ee5-86e3-e8c8c71199a0', '49f789f7-be52-4266-8518-2dd3c93bd34d', 'imaging', 'CT head (non-contrast)', 'completed', '2026-05-07T01:58:42.028Z', '2026-05-07T11:58:42.028Z', '2026-05-07T11:58:42.028Z');
insert into orders (id, hospital_id, visit_id, ordered_by_id, order_type, description, status, created_at, completed_at, updated_at) values ('a6b0f238-c756-481b-a365-8ee6e95f69d2', 'f2a209ad-0ed3-481e-99f6-f4dd1feb8b85', '2c9f6b6b-240d-40ff-995c-767c06fe8e22', '49f789f7-be52-4266-8518-2dd3c93bd34d', 'lab', 'Random blood glucose', 'completed', '2026-05-14T14:58:42.028Z', '2026-05-14T16:58:42.028Z', '2026-05-14T16:58:42.028Z');
insert into orders (id, hospital_id, visit_id, ordered_by_id, order_type, description, status, created_at, completed_at, updated_at) values ('465eb8da-9469-4e14-a95f-bcd433e257ee', 'f2a209ad-0ed3-481e-99f6-f4dd1feb8b85', '2c9f6b6b-240d-40ff-995c-767c06fe8e22', '49f789f7-be52-4266-8518-2dd3c93bd34d', 'lab', 'Urinalysis', 'completed', '2026-05-14T14:58:42.028Z', '2026-05-14T16:58:42.028Z', '2026-05-14T16:58:42.028Z');
insert into orders (id, hospital_id, visit_id, ordered_by_id, order_type, description, status, created_at, completed_at, updated_at) values ('aa1e9a07-ded7-4d8f-b0da-434cdcd5d402', 'f2a209ad-0ed3-481e-99f6-f4dd1feb8b85', 'f26d1eac-ddd6-4b63-8080-3878981f5893', '49f789f7-be52-4266-8518-2dd3c93bd34d', 'lab', 'Liver function test', 'cancelled', '2026-04-28T21:58:42.028Z', NULL, '2026-04-28T21:58:42.028Z');
insert into orders (id, hospital_id, visit_id, ordered_by_id, order_type, description, status, created_at, completed_at, updated_at) values ('92079a93-f50e-4516-87dd-8837f4c43534', 'f2a209ad-0ed3-481e-99f6-f4dd1feb8b85', 'e01c764e-c05d-4418-8f0f-c26bf4cc4f5f', 'cbfd492d-d74b-4ebf-9b8c-d6cbf1a2cb8c', 'lab', 'Lipid panel', 'completed', '2026-04-28T22:58:42.028Z', '2026-04-29T10:58:42.028Z', '2026-04-29T10:58:42.028Z');
insert into orders (id, hospital_id, visit_id, ordered_by_id, order_type, description, status, created_at, completed_at, updated_at) values ('f386e65f-a08a-47ac-a267-b9dc324002d8', 'f2a209ad-0ed3-481e-99f6-f4dd1feb8b85', 'c916ea33-6e36-4b2b-8771-58fbb443a754', '2997f245-29a3-4e7c-afad-fed79e80c87f', 'lab', 'Blood culture', 'completed', '2026-04-23T12:58:42.028Z', '2026-04-23T20:58:42.028Z', '2026-04-23T20:58:42.028Z');
insert into orders (id, hospital_id, visit_id, ordered_by_id, order_type, description, status, created_at, completed_at, updated_at) values ('a44ce886-05d4-48fd-b9f9-a102d99007dd', 'f2a209ad-0ed3-481e-99f6-f4dd1feb8b85', 'c916ea33-6e36-4b2b-8771-58fbb443a754', '2997f245-29a3-4e7c-afad-fed79e80c87f', 'lab', 'Malaria RDT', 'completed', '2026-04-23T12:58:42.028Z', '2026-04-23T23:58:42.028Z', '2026-04-23T23:58:42.028Z');
insert into orders (id, hospital_id, visit_id, ordered_by_id, order_type, description, status, created_at, completed_at, updated_at) values ('189ad6dc-2b88-404e-91a3-c3e17611c0aa', 'f2a209ad-0ed3-481e-99f6-f4dd1feb8b85', '55918f0c-8bc1-4a56-a1ca-29868023b2be', 'b4abb439-bf82-40e2-a3a8-5f653b6621de', 'imaging', 'Abdominal ultrasound', 'completed', '2026-05-25T19:58:42.028Z', '2026-05-26T00:58:42.028Z', '2026-05-26T00:58:42.028Z');
insert into orders (id, hospital_id, visit_id, ordered_by_id, order_type, description, status, created_at, completed_at, updated_at) values ('6bf6d852-e45b-4b3b-9f4a-e055bf5ae6c5', 'f2a209ad-0ed3-481e-99f6-f4dd1feb8b85', '55918f0c-8bc1-4a56-a1ca-29868023b2be', 'b4abb439-bf82-40e2-a3a8-5f653b6621de', 'lab', 'Random blood glucose', 'completed', '2026-05-25T19:58:42.028Z', '2026-05-26T00:58:42.028Z', '2026-05-26T00:58:42.028Z');
insert into orders (id, hospital_id, visit_id, ordered_by_id, order_type, description, status, created_at, completed_at, updated_at) values ('31dd20c5-e6dc-4fc8-b2c9-5a6f18fa4d2f', 'f2a209ad-0ed3-481e-99f6-f4dd1feb8b85', '12cf9c4f-eaca-442e-8289-72fb8bb48546', '2997f245-29a3-4e7c-afad-fed79e80c87f', 'imaging', 'Wrist X-ray', 'completed', '2026-05-24T17:58:42.028Z', '2026-05-24T22:58:42.028Z', '2026-05-24T22:58:42.028Z');
insert into orders (id, hospital_id, visit_id, ordered_by_id, order_type, description, status, created_at, completed_at, updated_at) values ('a3be4c57-35d1-4298-b094-26cd9005c2b6', 'f2a209ad-0ed3-481e-99f6-f4dd1feb8b85', '12cf9c4f-eaca-442e-8289-72fb8bb48546', '2997f245-29a3-4e7c-afad-fed79e80c87f', 'lab', 'Urea & electrolytes', 'completed', '2026-05-24T17:58:42.028Z', '2026-05-24T23:58:42.028Z', '2026-05-24T23:58:42.028Z');
insert into orders (id, hospital_id, visit_id, ordered_by_id, order_type, description, status, created_at, completed_at, updated_at) values ('b90f9ceb-a2f3-47ae-8ae1-b4a17b4aec07', 'f2a209ad-0ed3-481e-99f6-f4dd1feb8b85', '7d76665e-9eeb-4e4e-8503-34a5684e3505', 'cbb0e027-6635-4afa-b5fa-ee3e45a971a2', 'lab', 'Widal test', 'completed', '2026-04-28T10:58:42.028Z', '2026-04-28T17:58:42.028Z', '2026-04-28T17:58:42.028Z');
insert into orders (id, hospital_id, visit_id, ordered_by_id, order_type, description, status, created_at, completed_at, updated_at) values ('185dee87-55e2-4c04-a156-4a91dd0e85fe', 'f2a209ad-0ed3-481e-99f6-f4dd1feb8b85', '7d76665e-9eeb-4e4e-8503-34a5684e3505', 'cbb0e027-6635-4afa-b5fa-ee3e45a971a2', 'imaging', 'Chest X-ray (PA)', 'cancelled', '2026-04-28T10:58:42.028Z', NULL, '2026-04-28T10:58:42.028Z');
insert into orders (id, hospital_id, visit_id, ordered_by_id, order_type, description, status, created_at, completed_at, updated_at) values ('5f711e3f-e1a2-4f45-8c71-83e67246748d', 'f2a209ad-0ed3-481e-99f6-f4dd1feb8b85', '06d50617-4555-4b99-9437-40ea98d2fd30', 'b4abb439-bf82-40e2-a3a8-5f653b6621de', 'lab', 'Liver function test', 'completed', '2026-04-30T20:58:42.028Z', '2026-05-01T01:58:42.028Z', '2026-05-01T01:58:42.028Z');
insert into orders (id, hospital_id, visit_id, ordered_by_id, order_type, description, status, created_at, completed_at, updated_at) values ('8a4eb2f5-9ea8-4294-a3f7-edbef6feb080', 'f2a209ad-0ed3-481e-99f6-f4dd1feb8b85', '85c79a5f-d0d4-4ded-a8c3-dcaa3b1e158f', 'cbfd492d-d74b-4ebf-9b8c-d6cbf1a2cb8c', 'lab', 'Liver function test', 'completed', '2026-04-15T17:58:42.028Z', '2026-04-16T05:58:42.028Z', '2026-04-16T05:58:42.028Z');
insert into orders (id, hospital_id, visit_id, ordered_by_id, order_type, description, status, created_at, completed_at, updated_at) values ('cb98afd1-f7ab-40e5-bc7e-b07be2be49bc', 'f2a209ad-0ed3-481e-99f6-f4dd1feb8b85', '48d2684b-9cab-4b6c-b702-cdf18f17a336', '2997f245-29a3-4e7c-afad-fed79e80c87f', 'lab', 'Lipid panel', 'completed', '2026-04-20T10:58:42.028Z', '2026-04-20T15:58:42.028Z', '2026-04-20T15:58:42.028Z');
insert into orders (id, hospital_id, visit_id, ordered_by_id, order_type, description, status, created_at, completed_at, updated_at) values ('f956136f-08d6-4ce3-9a77-22db745e8b2d', 'f2a209ad-0ed3-481e-99f6-f4dd1feb8b85', 'e1eab227-a1d9-4f4a-8067-f6dde1d7be41', 'cbb0e027-6635-4afa-b5fa-ee3e45a971a2', 'lab', 'Blood culture', 'completed', '2026-04-13T19:58:42.028Z', '2026-04-14T01:58:42.028Z', '2026-04-14T01:58:42.028Z');
insert into orders (id, hospital_id, visit_id, ordered_by_id, order_type, description, status, created_at, completed_at, updated_at) values ('4b5658b4-757b-4224-9bbd-fae2b7f41ef5', 'f2a209ad-0ed3-481e-99f6-f4dd1feb8b85', 'bca26ecc-c980-4350-a3ac-42d696f035ca', 'cbfd492d-d74b-4ebf-9b8c-d6cbf1a2cb8c', 'lab', 'Lipid panel', 'completed', '2026-04-09T18:58:42.028Z', '2026-04-10T04:58:42.028Z', '2026-04-10T04:58:42.028Z');
insert into orders (id, hospital_id, visit_id, ordered_by_id, order_type, description, status, created_at, completed_at, updated_at) values ('be6a6d82-dda3-4206-b634-550bdcd2f70c', 'f2a209ad-0ed3-481e-99f6-f4dd1feb8b85', 'bca26ecc-c980-4350-a3ac-42d696f035ca', 'cbfd492d-d74b-4ebf-9b8c-d6cbf1a2cb8c', 'lab', 'Blood culture', 'completed', '2026-04-09T18:58:42.028Z', '2026-04-10T05:58:42.028Z', '2026-04-10T05:58:42.028Z');
insert into orders (id, hospital_id, visit_id, ordered_by_id, order_type, description, status, created_at, completed_at, updated_at) values ('5c7b656c-81e4-4768-9b97-b2da73787bc4', 'f2a209ad-0ed3-481e-99f6-f4dd1feb8b85', 'd124acda-c621-4ef4-8bb7-1bf9ea72521b', '270035e7-1454-4861-bf2b-83b0ec23dc32', 'lab', 'Widal test', 'completed', '2026-05-17T03:58:42.029Z', '2026-05-17T13:58:42.029Z', '2026-05-17T13:58:42.029Z');
insert into orders (id, hospital_id, visit_id, ordered_by_id, order_type, description, status, created_at, completed_at, updated_at) values ('e8bbca90-2a77-416b-973f-bd980d1813de', 'f2a209ad-0ed3-481e-99f6-f4dd1feb8b85', '864d9288-aca7-4668-9a79-a05891fcfed2', 'b4abb439-bf82-40e2-a3a8-5f653b6621de', 'imaging', 'CT head (non-contrast)', 'cancelled', '2026-04-14T16:58:42.029Z', NULL, '2026-04-14T16:58:42.029Z');
insert into orders (id, hospital_id, visit_id, ordered_by_id, order_type, description, status, created_at, completed_at, updated_at) values ('2570c427-7525-49c8-a5b8-e1625dc24dde', 'f2a209ad-0ed3-481e-99f6-f4dd1feb8b85', '5adaf43d-5818-4ceb-84e3-632a12f465a7', 'b4abb439-bf82-40e2-a3a8-5f653b6621de', 'lab', 'Widal test', 'completed', '2026-05-02T23:58:42.029Z', '2026-05-03T03:58:42.029Z', '2026-05-03T03:58:42.029Z');
insert into orders (id, hospital_id, visit_id, ordered_by_id, order_type, description, status, created_at, completed_at, updated_at) values ('56d228a4-cd15-4dbb-b165-7b3969716779', 'f2a209ad-0ed3-481e-99f6-f4dd1feb8b85', '5adaf43d-5818-4ceb-84e3-632a12f465a7', 'b4abb439-bf82-40e2-a3a8-5f653b6621de', 'lab', 'Liver function test', 'completed', '2026-05-02T23:58:42.029Z', '2026-05-03T02:58:42.029Z', '2026-05-03T02:58:42.029Z');
insert into orders (id, hospital_id, visit_id, ordered_by_id, order_type, description, status, created_at, completed_at, updated_at) values ('7a921ee4-e8d7-40ef-8156-7f5e6f2d7c9f', 'f2a209ad-0ed3-481e-99f6-f4dd1feb8b85', 'a0916865-bf82-4ed3-814b-f342fdbea026', 'b4abb439-bf82-40e2-a3a8-5f653b6621de', 'lab', 'Urinalysis', 'completed', '2026-05-09T02:58:42.029Z', '2026-05-09T04:58:42.029Z', '2026-05-09T04:58:42.029Z');
insert into orders (id, hospital_id, visit_id, ordered_by_id, order_type, description, status, created_at, completed_at, updated_at) values ('b464bf5e-5f9c-452b-bd1a-c8416c759ecb', 'f2a209ad-0ed3-481e-99f6-f4dd1feb8b85', 'a0916865-bf82-4ed3-814b-f342fdbea026', 'b4abb439-bf82-40e2-a3a8-5f653b6621de', 'imaging', 'CT head (non-contrast)', 'completed', '2026-05-09T02:58:42.029Z', '2026-05-09T13:58:42.029Z', '2026-05-09T13:58:42.029Z');
insert into orders (id, hospital_id, visit_id, ordered_by_id, order_type, description, status, created_at, completed_at, updated_at) values ('9c9b9693-d585-4c41-b37d-9c69c217057c', 'f2a209ad-0ed3-481e-99f6-f4dd1feb8b85', '40a6b447-0290-4c7b-9d67-b635c0101979', '49f789f7-be52-4266-8518-2dd3c93bd34d', 'lab', 'Lipid panel', 'completed', '2026-05-26T21:58:42.029Z', '2026-05-27T04:58:42.029Z', '2026-05-27T04:58:42.029Z');
insert into orders (id, hospital_id, visit_id, ordered_by_id, order_type, description, status, created_at, completed_at, updated_at) values ('d835aa26-444f-40ef-a2b0-810c4ee00e16', 'f2a209ad-0ed3-481e-99f6-f4dd1feb8b85', '40a6b447-0290-4c7b-9d67-b635c0101979', '49f789f7-be52-4266-8518-2dd3c93bd34d', 'lab', 'Full Blood Count', 'completed', '2026-05-26T21:58:42.029Z', '2026-05-27T08:58:42.029Z', '2026-05-27T08:58:42.029Z');
insert into orders (id, hospital_id, visit_id, ordered_by_id, order_type, description, status, created_at, completed_at, updated_at) values ('8c8325c7-41d1-425d-82a8-0c943d39eec9', 'f2a209ad-0ed3-481e-99f6-f4dd1feb8b85', 'cd705958-f968-4109-8236-0db3428ecd82', '2997f245-29a3-4e7c-afad-fed79e80c87f', 'lab', 'Urinalysis', 'cancelled', '2026-04-25T12:58:42.029Z', NULL, '2026-04-25T12:58:42.029Z');
insert into orders (id, hospital_id, visit_id, ordered_by_id, order_type, description, status, created_at, completed_at, updated_at) values ('a652f31d-8e03-4fce-9097-7da116e7c6de', 'f2a209ad-0ed3-481e-99f6-f4dd1feb8b85', 'cd705958-f968-4109-8236-0db3428ecd82', '2997f245-29a3-4e7c-afad-fed79e80c87f', 'lab', 'Blood culture', 'completed', '2026-04-25T12:58:42.029Z', '2026-04-25T15:58:42.029Z', '2026-04-25T15:58:42.029Z');
insert into orders (id, hospital_id, visit_id, ordered_by_id, order_type, description, status, created_at, completed_at, updated_at) values ('7799b7a9-b5db-4442-b5c8-0910a16266b7', 'f2a209ad-0ed3-481e-99f6-f4dd1feb8b85', '1a880559-1e63-4ff7-8e4c-3a14b24b5a0b', 'cbb0e027-6635-4afa-b5fa-ee3e45a971a2', 'imaging', 'CT head (non-contrast)', 'completed', '2026-05-18T03:58:42.029Z', '2026-05-18T12:58:42.029Z', '2026-05-18T12:58:42.029Z');
insert into orders (id, hospital_id, visit_id, ordered_by_id, order_type, description, status, created_at, completed_at, updated_at) values ('8d01700d-9217-4537-b8c0-6066787a458d', 'f2a209ad-0ed3-481e-99f6-f4dd1feb8b85', '1a880559-1e63-4ff7-8e4c-3a14b24b5a0b', 'cbb0e027-6635-4afa-b5fa-ee3e45a971a2', 'lab', 'Full Blood Count', 'completed', '2026-05-18T03:58:42.029Z', '2026-05-18T08:58:42.029Z', '2026-05-18T08:58:42.029Z');
insert into orders (id, hospital_id, visit_id, ordered_by_id, order_type, description, status, created_at, completed_at, updated_at) values ('31fc1352-1961-482f-99b3-28a20f822c91', 'f2a209ad-0ed3-481e-99f6-f4dd1feb8b85', '6a559bb5-7fe2-4777-b68c-cd7a637aa824', 'b4abb439-bf82-40e2-a3a8-5f653b6621de', 'lab', 'Widal test', 'completed', '2026-05-17T15:58:42.029Z', '2026-05-18T00:58:42.029Z', '2026-05-18T00:58:42.029Z');
insert into orders (id, hospital_id, visit_id, ordered_by_id, order_type, description, status, created_at, completed_at, updated_at) values ('ef01cd55-c764-4885-a05d-4f3fec063785', 'f2a209ad-0ed3-481e-99f6-f4dd1feb8b85', '33bca53f-4b55-4cc5-a658-f049c2223f0e', '2997f245-29a3-4e7c-afad-fed79e80c87f', 'lab', 'Liver function test', 'completed', '2026-05-04T09:58:42.029Z', '2026-05-04T11:58:42.029Z', '2026-05-04T11:58:42.029Z');
insert into orders (id, hospital_id, visit_id, ordered_by_id, order_type, description, status, created_at, completed_at, updated_at) values ('e44d826a-7f0b-4ef2-a844-f91eac4f2180', 'f2a209ad-0ed3-481e-99f6-f4dd1feb8b85', '33bca53f-4b55-4cc5-a658-f049c2223f0e', '2997f245-29a3-4e7c-afad-fed79e80c87f', 'lab', 'Random blood glucose', 'completed', '2026-05-04T09:58:42.029Z', '2026-05-04T15:58:42.029Z', '2026-05-04T15:58:42.029Z');
insert into orders (id, hospital_id, visit_id, ordered_by_id, order_type, description, status, created_at, completed_at, updated_at) values ('8c734f79-adac-437f-b308-c3441154f20c', 'f2a209ad-0ed3-481e-99f6-f4dd1feb8b85', 'dd47ee1e-cdab-4b53-a2aa-3577143586f8', '49f789f7-be52-4266-8518-2dd3c93bd34d', 'lab', 'Urinalysis', 'completed', '2026-04-21T17:58:42.029Z', '2026-04-22T00:58:42.029Z', '2026-04-22T00:58:42.029Z');
insert into orders (id, hospital_id, visit_id, ordered_by_id, order_type, description, status, created_at, completed_at, updated_at) values ('09d90f1d-d307-4480-b749-5308981c9155', 'f2a209ad-0ed3-481e-99f6-f4dd1feb8b85', 'a16231d0-ba5f-4763-9656-41939e938874', '0ec0fbf7-54d0-403f-849a-d18e2ab49415', 'lab', 'Widal test', 'completed', '2026-05-26T11:58:42.029Z', '2026-05-26T22:58:42.029Z', '2026-05-26T22:58:42.029Z');

-- results (30)
insert into results (id, hospital_id, order_id, recorded_by_id, summary, value, reference_range, attachment_path, recorded_at, is_abnormal) values ('99b86371-f5f7-410a-aaee-1eade6932016', 'f2a209ad-0ed3-481e-99f6-f4dd1feb8b85', '49a912e1-70f1-4b3f-86b1-fdfc31c11c69', 'f133bf47-5b21-4052-b5b9-57d136a5c9f4', 'Moderately elevated — reinforce adherence.', '7.8%', '< 7.0%', NULL, '2026-06-07T21:58:42.027Z', true);
insert into results (id, hospital_id, order_id, recorded_by_id, summary, value, reference_range, attachment_path, recorded_at, is_abnormal) values ('c88b4788-af20-4d15-8a96-678f3439842a', 'f2a209ad-0ed3-481e-99f6-f4dd1feb8b85', '89bf451d-ca66-4547-bb25-88cda5dae0b3', 'f133bf47-5b21-4052-b5b9-57d136a5c9f4', 'Right lower lobe consolidation, consistent with pneumonia.', 'Abnormal', NULL, 'bello-cxr-pa.jpg', '2026-06-04T06:58:42.027Z', true);
insert into results (id, hospital_id, order_id, recorded_by_id, summary, value, reference_range, attachment_path, recorded_at, is_abnormal) values ('b28d2365-43c8-4779-8310-abb078e933f4', 'f2a209ad-0ed3-481e-99f6-f4dd1feb8b85', '9a48cd34-71db-499b-864a-e8f411f01777', 'f133bf47-5b21-4052-b5b9-57d136a5c9f4', 'Within normal limits.', 'Normal', NULL, NULL, '2026-05-07T11:58:42.028Z', false);
insert into results (id, hospital_id, order_id, recorded_by_id, summary, value, reference_range, attachment_path, recorded_at, is_abnormal) values ('630285e7-9d1d-4d6b-a040-2bd0aaa1e048', 'f2a209ad-0ed3-481e-99f6-f4dd1feb8b85', 'a6b0f238-c756-481b-a365-8ee6e95f69d2', 'f133bf47-5b21-4052-b5b9-57d136a5c9f4', 'Within normal limits.', 'Normal', NULL, NULL, '2026-05-14T16:58:42.028Z', false);
insert into results (id, hospital_id, order_id, recorded_by_id, summary, value, reference_range, attachment_path, recorded_at, is_abnormal) values ('9fdaea21-c484-4172-be0c-eb66a3d8ed99', 'f2a209ad-0ed3-481e-99f6-f4dd1feb8b85', '465eb8da-9469-4e14-a95f-bcd433e257ee', 'f133bf47-5b21-4052-b5b9-57d136a5c9f4', 'Result outside reference range.', 'Abnormal', NULL, NULL, '2026-05-14T16:58:42.028Z', true);
insert into results (id, hospital_id, order_id, recorded_by_id, summary, value, reference_range, attachment_path, recorded_at, is_abnormal) values ('7994383c-d842-4fbd-9313-1c8be1d5c199', 'f2a209ad-0ed3-481e-99f6-f4dd1feb8b85', '92079a93-f50e-4516-87dd-8837f4c43534', 'f133bf47-5b21-4052-b5b9-57d136a5c9f4', 'Result outside reference range.', 'Abnormal', NULL, NULL, '2026-04-29T10:58:42.028Z', true);
insert into results (id, hospital_id, order_id, recorded_by_id, summary, value, reference_range, attachment_path, recorded_at, is_abnormal) values ('d1e2f529-3220-49db-a222-ddf9d1903aa8', 'f2a209ad-0ed3-481e-99f6-f4dd1feb8b85', 'f386e65f-a08a-47ac-a267-b9dc324002d8', 'f133bf47-5b21-4052-b5b9-57d136a5c9f4', 'Within normal limits.', 'Normal', NULL, NULL, '2026-04-23T20:58:42.028Z', false);
insert into results (id, hospital_id, order_id, recorded_by_id, summary, value, reference_range, attachment_path, recorded_at, is_abnormal) values ('bcbc5ef3-249f-41d0-8206-8fc8c08fbddf', 'f2a209ad-0ed3-481e-99f6-f4dd1feb8b85', 'a44ce886-05d4-48fd-b9f9-a102d99007dd', 'f133bf47-5b21-4052-b5b9-57d136a5c9f4', 'Within normal limits.', 'Normal', NULL, NULL, '2026-04-23T23:58:42.028Z', false);
insert into results (id, hospital_id, order_id, recorded_by_id, summary, value, reference_range, attachment_path, recorded_at, is_abnormal) values ('b439a343-6278-43f8-9e7f-e6a047023924', 'f2a209ad-0ed3-481e-99f6-f4dd1feb8b85', '189ad6dc-2b88-404e-91a3-c3e17611c0aa', 'f133bf47-5b21-4052-b5b9-57d136a5c9f4', 'Within normal limits.', 'Normal', NULL, NULL, '2026-05-26T00:58:42.028Z', false);
insert into results (id, hospital_id, order_id, recorded_by_id, summary, value, reference_range, attachment_path, recorded_at, is_abnormal) values ('980d9039-59a0-4eaa-9de6-299672b524bb', 'f2a209ad-0ed3-481e-99f6-f4dd1feb8b85', '6bf6d852-e45b-4b3b-9f4a-e055bf5ae6c5', 'f133bf47-5b21-4052-b5b9-57d136a5c9f4', 'Within normal limits.', 'Normal', NULL, NULL, '2026-05-26T00:58:42.028Z', false);
insert into results (id, hospital_id, order_id, recorded_by_id, summary, value, reference_range, attachment_path, recorded_at, is_abnormal) values ('a5ee4c86-3e03-45b0-be9e-e901f8c339c9', 'f2a209ad-0ed3-481e-99f6-f4dd1feb8b85', '31dd20c5-e6dc-4fc8-b2c9-5a6f18fa4d2f', 'f133bf47-5b21-4052-b5b9-57d136a5c9f4', 'Within normal limits.', 'Normal', NULL, NULL, '2026-05-24T22:58:42.028Z', false);
insert into results (id, hospital_id, order_id, recorded_by_id, summary, value, reference_range, attachment_path, recorded_at, is_abnormal) values ('a8d401ac-7e59-41f9-83e3-38ae54b64a6b', 'f2a209ad-0ed3-481e-99f6-f4dd1feb8b85', 'a3be4c57-35d1-4298-b094-26cd9005c2b6', 'f133bf47-5b21-4052-b5b9-57d136a5c9f4', 'Within normal limits.', 'Normal', NULL, NULL, '2026-05-24T23:58:42.028Z', false);
insert into results (id, hospital_id, order_id, recorded_by_id, summary, value, reference_range, attachment_path, recorded_at, is_abnormal) values ('15b9ab4b-51cf-4e4d-afbf-816fa6d01320', 'f2a209ad-0ed3-481e-99f6-f4dd1feb8b85', 'b90f9ceb-a2f3-47ae-8ae1-b4a17b4aec07', 'f133bf47-5b21-4052-b5b9-57d136a5c9f4', 'Within normal limits.', 'Normal', NULL, NULL, '2026-04-28T17:58:42.028Z', false);
insert into results (id, hospital_id, order_id, recorded_by_id, summary, value, reference_range, attachment_path, recorded_at, is_abnormal) values ('3f179527-3f88-4d22-b091-e4b2a1e72cb9', 'f2a209ad-0ed3-481e-99f6-f4dd1feb8b85', '5f711e3f-e1a2-4f45-8c71-83e67246748d', 'f133bf47-5b21-4052-b5b9-57d136a5c9f4', 'Result outside reference range.', 'Abnormal', NULL, NULL, '2026-05-01T01:58:42.028Z', true);
insert into results (id, hospital_id, order_id, recorded_by_id, summary, value, reference_range, attachment_path, recorded_at, is_abnormal) values ('2ba5af87-fcaf-4eed-a62c-0b522d30b5df', 'f2a209ad-0ed3-481e-99f6-f4dd1feb8b85', '8a4eb2f5-9ea8-4294-a3f7-edbef6feb080', 'f133bf47-5b21-4052-b5b9-57d136a5c9f4', 'Within normal limits.', 'Normal', NULL, NULL, '2026-04-16T05:58:42.028Z', false);
insert into results (id, hospital_id, order_id, recorded_by_id, summary, value, reference_range, attachment_path, recorded_at, is_abnormal) values ('fdf74fc0-bcdf-4874-a6fd-352ea581288e', 'f2a209ad-0ed3-481e-99f6-f4dd1feb8b85', 'cb98afd1-f7ab-40e5-bc7e-b07be2be49bc', 'f133bf47-5b21-4052-b5b9-57d136a5c9f4', 'Result outside reference range.', 'Abnormal', NULL, NULL, '2026-04-20T15:58:42.028Z', true);
insert into results (id, hospital_id, order_id, recorded_by_id, summary, value, reference_range, attachment_path, recorded_at, is_abnormal) values ('3d345854-2251-4eff-8846-81fc7b413a58', 'f2a209ad-0ed3-481e-99f6-f4dd1feb8b85', 'f956136f-08d6-4ce3-9a77-22db745e8b2d', 'f133bf47-5b21-4052-b5b9-57d136a5c9f4', 'Within normal limits.', 'Normal', NULL, NULL, '2026-04-14T01:58:42.028Z', false);
insert into results (id, hospital_id, order_id, recorded_by_id, summary, value, reference_range, attachment_path, recorded_at, is_abnormal) values ('04963340-066d-431a-86f5-27928487c372', 'f2a209ad-0ed3-481e-99f6-f4dd1feb8b85', '4b5658b4-757b-4224-9bbd-fae2b7f41ef5', 'f133bf47-5b21-4052-b5b9-57d136a5c9f4', 'Within normal limits.', 'Normal', NULL, NULL, '2026-04-10T04:58:42.028Z', false);
insert into results (id, hospital_id, order_id, recorded_by_id, summary, value, reference_range, attachment_path, recorded_at, is_abnormal) values ('4e5a5c6d-513e-4797-8884-f6f1faf3bcf0', 'f2a209ad-0ed3-481e-99f6-f4dd1feb8b85', 'be6a6d82-dda3-4206-b634-550bdcd2f70c', 'f133bf47-5b21-4052-b5b9-57d136a5c9f4', 'Within normal limits.', 'Normal', NULL, NULL, '2026-04-10T05:58:42.028Z', false);
insert into results (id, hospital_id, order_id, recorded_by_id, summary, value, reference_range, attachment_path, recorded_at, is_abnormal) values ('8d82fba5-a485-4cfb-a137-887a4e17cfb4', 'f2a209ad-0ed3-481e-99f6-f4dd1feb8b85', '5c7b656c-81e4-4768-9b97-b2da73787bc4', 'f133bf47-5b21-4052-b5b9-57d136a5c9f4', 'Within normal limits.', 'Normal', NULL, NULL, '2026-05-17T13:58:42.029Z', false);
insert into results (id, hospital_id, order_id, recorded_by_id, summary, value, reference_range, attachment_path, recorded_at, is_abnormal) values ('5b26e3ad-7374-4130-a692-904cc9865230', 'f2a209ad-0ed3-481e-99f6-f4dd1feb8b85', '2570c427-7525-49c8-a5b8-e1625dc24dde', 'f133bf47-5b21-4052-b5b9-57d136a5c9f4', 'Within normal limits.', 'Normal', NULL, NULL, '2026-05-03T03:58:42.029Z', false);
insert into results (id, hospital_id, order_id, recorded_by_id, summary, value, reference_range, attachment_path, recorded_at, is_abnormal) values ('facc113e-0fc6-4212-a490-68586042951b', 'f2a209ad-0ed3-481e-99f6-f4dd1feb8b85', '56d228a4-cd15-4dbb-b165-7b3969716779', 'f133bf47-5b21-4052-b5b9-57d136a5c9f4', 'Within normal limits.', 'Normal', NULL, NULL, '2026-05-03T02:58:42.029Z', false);
insert into results (id, hospital_id, order_id, recorded_by_id, summary, value, reference_range, attachment_path, recorded_at, is_abnormal) values ('27db8c19-73c3-4b68-91af-1723d5e6712e', 'f2a209ad-0ed3-481e-99f6-f4dd1feb8b85', '9c9b9693-d585-4c41-b37d-9c69c217057c', 'f133bf47-5b21-4052-b5b9-57d136a5c9f4', 'Within normal limits.', 'Normal', NULL, NULL, '2026-05-27T04:58:42.029Z', false);
insert into results (id, hospital_id, order_id, recorded_by_id, summary, value, reference_range, attachment_path, recorded_at, is_abnormal) values ('299e3cf8-f0ed-415c-ba8a-15757f8850ca', 'f2a209ad-0ed3-481e-99f6-f4dd1feb8b85', 'd835aa26-444f-40ef-a2b0-810c4ee00e16', 'f133bf47-5b21-4052-b5b9-57d136a5c9f4', 'Within normal limits.', 'Normal', NULL, NULL, '2026-05-27T08:58:42.029Z', false);
insert into results (id, hospital_id, order_id, recorded_by_id, summary, value, reference_range, attachment_path, recorded_at, is_abnormal) values ('7fdb9845-a4b1-449c-9751-90d8eb352af7', 'f2a209ad-0ed3-481e-99f6-f4dd1feb8b85', 'a652f31d-8e03-4fce-9097-7da116e7c6de', 'f133bf47-5b21-4052-b5b9-57d136a5c9f4', 'Result outside reference range.', 'Abnormal', NULL, NULL, '2026-04-25T15:58:42.029Z', true);
insert into results (id, hospital_id, order_id, recorded_by_id, summary, value, reference_range, attachment_path, recorded_at, is_abnormal) values ('3da3f58e-2a0d-462c-8f00-4b6ff4897b4c', 'f2a209ad-0ed3-481e-99f6-f4dd1feb8b85', '7799b7a9-b5db-4442-b5c8-0910a16266b7', 'f133bf47-5b21-4052-b5b9-57d136a5c9f4', 'Within normal limits.', 'Normal', NULL, NULL, '2026-05-18T12:58:42.029Z', false);
insert into results (id, hospital_id, order_id, recorded_by_id, summary, value, reference_range, attachment_path, recorded_at, is_abnormal) values ('b72f0f0e-ed5a-4a65-a5c0-c0d915e88918', 'f2a209ad-0ed3-481e-99f6-f4dd1feb8b85', '8d01700d-9217-4537-b8c0-6066787a458d', 'f133bf47-5b21-4052-b5b9-57d136a5c9f4', 'Within normal limits.', 'Normal', NULL, NULL, '2026-05-18T08:58:42.029Z', false);
insert into results (id, hospital_id, order_id, recorded_by_id, summary, value, reference_range, attachment_path, recorded_at, is_abnormal) values ('e5a4868b-94b6-4a69-939e-42556de0a35d', 'f2a209ad-0ed3-481e-99f6-f4dd1feb8b85', 'ef01cd55-c764-4885-a05d-4f3fec063785', 'f133bf47-5b21-4052-b5b9-57d136a5c9f4', 'Result outside reference range.', 'Abnormal', NULL, NULL, '2026-05-04T11:58:42.029Z', true);
insert into results (id, hospital_id, order_id, recorded_by_id, summary, value, reference_range, attachment_path, recorded_at, is_abnormal) values ('5fa58bd6-73ac-4474-b2ca-3fc1cc92fc1b', 'f2a209ad-0ed3-481e-99f6-f4dd1feb8b85', 'e44d826a-7f0b-4ef2-a844-f91eac4f2180', 'f133bf47-5b21-4052-b5b9-57d136a5c9f4', 'Within normal limits.', 'Normal', NULL, NULL, '2026-05-04T15:58:42.029Z', false);
insert into results (id, hospital_id, order_id, recorded_by_id, summary, value, reference_range, attachment_path, recorded_at, is_abnormal) values ('db9d5809-4f21-4ce9-bc17-ef6604324605', 'f2a209ad-0ed3-481e-99f6-f4dd1feb8b85', '8c734f79-adac-437f-b308-c3441154f20c', 'f133bf47-5b21-4052-b5b9-57d136a5c9f4', 'Within normal limits.', 'Normal', NULL, NULL, '2026-04-22T00:58:42.029Z', false);

-- prescriptions (50)
insert into prescriptions (id, hospital_id, visit_id, prescribed_by_id, drug_name, dose, route, frequency, duration, instructions, status, created_at, updated_at) values ('59c684ce-b313-4b58-9f6c-6b72bed5eafd', 'f2a209ad-0ed3-481e-99f6-f4dd1feb8b85', '8fe73c8f-c7b2-442a-b03d-53340bbe6ba1', '270035e7-1454-4861-bf2b-83b0ec23dc32', 'Paracetamol', '1 g', 'IV', 'every 6 hours', '3 days', 'For post-op analgesia.', 'active', '2026-06-06T18:58:42.027Z', '2026-06-07T16:58:42.027Z');
insert into prescriptions (id, hospital_id, visit_id, prescribed_by_id, drug_name, dose, route, frequency, duration, instructions, status, created_at, updated_at) values ('01e8f9f2-4ee3-4743-ba8f-0d52f86062d6', 'f2a209ad-0ed3-481e-99f6-f4dd1feb8b85', '8fe73c8f-c7b2-442a-b03d-53340bbe6ba1', '270035e7-1454-4861-bf2b-83b0ec23dc32', 'Enoxaparin', '40 mg', 'SC', 'once daily', 'while inpatient', 'DVT prophylaxis.', 'active', '2026-06-06T18:58:42.027Z', '2026-06-07T16:58:42.027Z');
insert into prescriptions (id, hospital_id, visit_id, prescribed_by_id, drug_name, dose, route, frequency, duration, instructions, status, created_at, updated_at) values ('a6bd34e0-d696-4e2b-8457-3a338bb02368', 'f2a209ad-0ed3-481e-99f6-f4dd1feb8b85', '55ad5120-645b-48d9-a33b-922dd182c53d', 'b4abb439-bf82-40e2-a3a8-5f653b6621de', 'Amoxicillin-clavulanate', '625 mg', 'oral', 'every 8 hours', '7 days', 'Complete full course.', 'active', '2026-06-04T04:58:42.027Z', '2026-06-07T10:58:42.027Z');
insert into prescriptions (id, hospital_id, visit_id, prescribed_by_id, drug_name, dose, route, frequency, duration, instructions, status, created_at, updated_at) values ('fab20c63-9051-4997-8cdf-d420048e1674', 'f2a209ad-0ed3-481e-99f6-f4dd1feb8b85', '46c392cb-158a-4bb7-bb31-f8a6aab8a369', 'b4abb439-bf82-40e2-a3a8-5f653b6621de', 'Metformin', '1 g', 'oral', 'twice daily', 'ongoing', 'Take with meals.', 'active', '2026-06-07T20:58:42.027Z', '2026-06-07T20:58:42.027Z');
insert into prescriptions (id, hospital_id, visit_id, prescribed_by_id, drug_name, dose, route, frequency, duration, instructions, status, created_at, updated_at) values ('fd103659-fb95-4439-9892-9a26070c28e6', 'f2a209ad-0ed3-481e-99f6-f4dd1feb8b85', '5b8dc633-aa4a-4743-903e-4317feee2ad6', 'b4abb439-bf82-40e2-a3a8-5f653b6621de', 'Ferrous sulfate', '200 mg', 'oral', 'twice daily', '7 days', NULL, 'completed', '2026-05-17T16:58:42.028Z', '2026-05-17T18:58:42.028Z');
insert into prescriptions (id, hospital_id, visit_id, prescribed_by_id, drug_name, dose, route, frequency, duration, instructions, status, created_at, updated_at) values ('dab0fcc5-4391-40f3-9d12-10b1755b79b6', 'f2a209ad-0ed3-481e-99f6-f4dd1feb8b85', '2fd51cde-7fed-4822-8789-2f6ec9446893', 'cbfd492d-d74b-4ebf-9b8c-d6cbf1a2cb8c', 'Omeprazole', '20 mg', 'oral', 'once daily', '5 days', NULL, 'completed', '2026-04-15T14:58:42.028Z', '2026-04-15T15:58:42.028Z');
insert into prescriptions (id, hospital_id, visit_id, prescribed_by_id, drug_name, dose, route, frequency, duration, instructions, status, created_at, updated_at) values ('1ee34741-df19-41cc-85d2-2cf76119ec4c', 'f2a209ad-0ed3-481e-99f6-f4dd1feb8b85', '2fd51cde-7fed-4822-8789-2f6ec9446893', 'cbfd492d-d74b-4ebf-9b8c-d6cbf1a2cb8c', 'Lisinopril', '10 mg', 'oral', 'once daily', '6 days', NULL, 'completed', '2026-04-15T14:58:42.028Z', '2026-04-15T15:58:42.028Z');
insert into prescriptions (id, hospital_id, visit_id, prescribed_by_id, drug_name, dose, route, frequency, duration, instructions, status, created_at, updated_at) values ('0a929a94-faa8-4f93-8980-87806d68a906', 'f2a209ad-0ed3-481e-99f6-f4dd1feb8b85', 'f26d1eac-ddd6-4b63-8080-3878981f5893', '49f789f7-be52-4266-8518-2dd3c93bd34d', 'Omeprazole', '20 mg', 'oral', 'once daily', '6 days', NULL, 'completed', '2026-04-28T21:58:42.028Z', '2026-04-29T01:58:42.028Z');
insert into prescriptions (id, hospital_id, visit_id, prescribed_by_id, drug_name, dose, route, frequency, duration, instructions, status, created_at, updated_at) values ('b4a0e232-d425-4d81-8131-4519d662016e', 'f2a209ad-0ed3-481e-99f6-f4dd1feb8b85', 'c916ea33-6e36-4b2b-8771-58fbb443a754', '2997f245-29a3-4e7c-afad-fed79e80c87f', 'Azithromycin', '500 mg', 'oral', 'once daily', '6 days', NULL, 'completed', '2026-04-23T12:58:42.028Z', '2026-04-23T19:58:42.028Z');
insert into prescriptions (id, hospital_id, visit_id, prescribed_by_id, drug_name, dose, route, frequency, duration, instructions, status, created_at, updated_at) values ('0c756b16-a6e2-4bbb-bee9-7406a3743b1d', 'f2a209ad-0ed3-481e-99f6-f4dd1feb8b85', '55918f0c-8bc1-4a56-a1ca-29868023b2be', 'b4abb439-bf82-40e2-a3a8-5f653b6621de', 'Omeprazole', '20 mg', 'oral', 'once daily', '3 days', NULL, 'completed', '2026-05-25T19:58:42.028Z', '2026-05-26T00:58:42.028Z');
insert into prescriptions (id, hospital_id, visit_id, prescribed_by_id, drug_name, dose, route, frequency, duration, instructions, status, created_at, updated_at) values ('5f46810f-7576-4c54-aa53-bad56ce2862e', 'f2a209ad-0ed3-481e-99f6-f4dd1feb8b85', '55918f0c-8bc1-4a56-a1ca-29868023b2be', 'b4abb439-bf82-40e2-a3a8-5f653b6621de', 'Ceftriaxone', '1 g', 'IV', 'once daily', '5 days', NULL, 'completed', '2026-05-25T19:58:42.028Z', '2026-05-26T00:58:42.028Z');
insert into prescriptions (id, hospital_id, visit_id, prescribed_by_id, drug_name, dose, route, frequency, duration, instructions, status, created_at, updated_at) values ('c4cf1cb5-38bd-4ee1-8f75-31483b55762b', 'f2a209ad-0ed3-481e-99f6-f4dd1feb8b85', 'c476e1ee-72f1-478a-a73d-e068a9e74dea', 'cbfd492d-d74b-4ebf-9b8c-d6cbf1a2cb8c', 'Omeprazole', '20 mg', 'oral', 'once daily', '4 days', NULL, 'completed', '2026-05-19T21:58:42.028Z', '2026-05-20T00:58:42.028Z');
insert into prescriptions (id, hospital_id, visit_id, prescribed_by_id, drug_name, dose, route, frequency, duration, instructions, status, created_at, updated_at) values ('f213c375-f9b6-47ca-ba4b-8544bfe0f5ab', 'f2a209ad-0ed3-481e-99f6-f4dd1feb8b85', 'c476e1ee-72f1-478a-a73d-e068a9e74dea', 'cbfd492d-d74b-4ebf-9b8c-d6cbf1a2cb8c', 'Metformin', '1 g', 'oral', 'twice daily', '5 days', NULL, 'completed', '2026-05-19T21:58:42.028Z', '2026-05-20T00:58:42.028Z');
insert into prescriptions (id, hospital_id, visit_id, prescribed_by_id, drug_name, dose, route, frequency, duration, instructions, status, created_at, updated_at) values ('2bcf355c-55c4-482d-b1ae-bae9e7b8314a', 'f2a209ad-0ed3-481e-99f6-f4dd1feb8b85', '48d2684b-9cab-4b6c-b702-cdf18f17a336', '2997f245-29a3-4e7c-afad-fed79e80c87f', 'Omeprazole', '20 mg', 'oral', 'once daily', '3 days', NULL, 'completed', '2026-04-20T10:58:42.028Z', '2026-04-20T13:58:42.028Z');
insert into prescriptions (id, hospital_id, visit_id, prescribed_by_id, drug_name, dose, route, frequency, duration, instructions, status, created_at, updated_at) values ('a9861e67-454c-4ab1-bf8f-5b124e74e27e', 'f2a209ad-0ed3-481e-99f6-f4dd1feb8b85', '48d2684b-9cab-4b6c-b702-cdf18f17a336', '2997f245-29a3-4e7c-afad-fed79e80c87f', 'Metformin', '1 g', 'oral', 'twice daily', '5 days', NULL, 'completed', '2026-04-20T10:58:42.028Z', '2026-04-20T13:58:42.028Z');
insert into prescriptions (id, hospital_id, visit_id, prescribed_by_id, drug_name, dose, route, frequency, duration, instructions, status, created_at, updated_at) values ('14dc8e67-7faf-4637-9fb5-0ab040c6abf4', 'f2a209ad-0ed3-481e-99f6-f4dd1feb8b85', 'e1eab227-a1d9-4f4a-8067-f6dde1d7be41', 'cbb0e027-6635-4afa-b5fa-ee3e45a971a2', 'Paracetamol', '1 g', 'oral', 'every 6 hours', '5 days', NULL, 'completed', '2026-04-13T19:58:42.028Z', '2026-04-14T03:58:42.028Z');
insert into prescriptions (id, hospital_id, visit_id, prescribed_by_id, drug_name, dose, route, frequency, duration, instructions, status, created_at, updated_at) values ('7c660a6e-4f28-4b80-b0fb-1fc6232a8d74', 'f2a209ad-0ed3-481e-99f6-f4dd1feb8b85', 'bca26ecc-c980-4350-a3ac-42d696f035ca', 'cbfd492d-d74b-4ebf-9b8c-d6cbf1a2cb8c', 'Ferrous sulfate', '200 mg', 'oral', 'twice daily', '6 days', NULL, 'completed', '2026-04-09T18:58:42.029Z', '2026-04-09T21:58:42.029Z');
insert into prescriptions (id, hospital_id, visit_id, prescribed_by_id, drug_name, dose, route, frequency, duration, instructions, status, created_at, updated_at) values ('ab429781-4395-4740-8c75-8cebf9dcf7ce', 'f2a209ad-0ed3-481e-99f6-f4dd1feb8b85', 'bca26ecc-c980-4350-a3ac-42d696f035ca', 'cbfd492d-d74b-4ebf-9b8c-d6cbf1a2cb8c', 'Omeprazole', '20 mg', 'oral', 'once daily', '4 days', NULL, 'completed', '2026-04-09T18:58:42.029Z', '2026-04-09T21:58:42.029Z');
insert into prescriptions (id, hospital_id, visit_id, prescribed_by_id, drug_name, dose, route, frequency, duration, instructions, status, created_at, updated_at) values ('d550fcaf-84ac-4f4a-b749-2bf83511ddf4', 'f2a209ad-0ed3-481e-99f6-f4dd1feb8b85', 'd124acda-c621-4ef4-8bb7-1bf9ea72521b', '270035e7-1454-4861-bf2b-83b0ec23dc32', 'Ceftriaxone', '1 g', 'IV', 'once daily', '3 days', NULL, 'completed', '2026-05-17T03:58:42.029Z', '2026-05-17T04:58:42.029Z');
insert into prescriptions (id, hospital_id, visit_id, prescribed_by_id, drug_name, dose, route, frequency, duration, instructions, status, created_at, updated_at) values ('f61b2f30-4339-46a1-be71-3b70aed0e53f', 'f2a209ad-0ed3-481e-99f6-f4dd1feb8b85', 'd124acda-c621-4ef4-8bb7-1bf9ea72521b', '270035e7-1454-4861-bf2b-83b0ec23dc32', 'Metformin', '1 g', 'oral', 'twice daily', '3 days', NULL, 'completed', '2026-05-17T03:58:42.029Z', '2026-05-17T04:58:42.029Z');
insert into prescriptions (id, hospital_id, visit_id, prescribed_by_id, drug_name, dose, route, frequency, duration, instructions, status, created_at, updated_at) values ('ed594db6-81a5-4ae9-8630-efb7454bb73b', 'f2a209ad-0ed3-481e-99f6-f4dd1feb8b85', '2d7999e3-f6db-4f95-93e9-40afe2d42810', '49f789f7-be52-4266-8518-2dd3c93bd34d', 'Paracetamol', '1 g', 'oral', 'every 6 hours', '6 days', NULL, 'completed', '2026-04-21T09:58:42.029Z', '2026-04-24T09:58:42.029Z');
insert into prescriptions (id, hospital_id, visit_id, prescribed_by_id, drug_name, dose, route, frequency, duration, instructions, status, created_at, updated_at) values ('9329ce57-0b49-4aef-bf5c-8cae7a7890e1', 'f2a209ad-0ed3-481e-99f6-f4dd1feb8b85', '2d7999e3-f6db-4f95-93e9-40afe2d42810', '49f789f7-be52-4266-8518-2dd3c93bd34d', 'Azithromycin', '500 mg', 'oral', 'once daily', '3 days', NULL, 'completed', '2026-04-21T09:58:42.029Z', '2026-04-24T09:58:42.029Z');
insert into prescriptions (id, hospital_id, visit_id, prescribed_by_id, drug_name, dose, route, frequency, duration, instructions, status, created_at, updated_at) values ('cfb2e64f-8580-486d-b122-8146849e8800', 'f2a209ad-0ed3-481e-99f6-f4dd1feb8b85', '864d9288-aca7-4668-9a79-a05891fcfed2', 'b4abb439-bf82-40e2-a3a8-5f653b6621de', 'Amoxicillin', '500 mg', 'oral', 'every 8 hours', '4 days', NULL, 'completed', '2026-04-14T16:58:42.029Z', '2026-04-14T19:58:42.029Z');
insert into prescriptions (id, hospital_id, visit_id, prescribed_by_id, drug_name, dose, route, frequency, duration, instructions, status, created_at, updated_at) values ('d4e0f6d2-c62a-4a8f-855c-74ed0df9ee62', 'f2a209ad-0ed3-481e-99f6-f4dd1feb8b85', 'e5fa700c-bd8d-40ef-821d-0614dff9d530', 'b4abb439-bf82-40e2-a3a8-5f653b6621de', 'Azithromycin', '500 mg', 'oral', 'once daily', '3 days', NULL, 'completed', '2026-06-03T12:58:42.029Z', '2026-06-03T17:58:42.029Z');
insert into prescriptions (id, hospital_id, visit_id, prescribed_by_id, drug_name, dose, route, frequency, duration, instructions, status, created_at, updated_at) values ('28306c8a-690f-4241-b766-edda6cca8c3c', 'f2a209ad-0ed3-481e-99f6-f4dd1feb8b85', '5adaf43d-5818-4ceb-84e3-632a12f465a7', 'b4abb439-bf82-40e2-a3a8-5f653b6621de', 'Azithromycin', '500 mg', 'oral', 'once daily', '6 days', NULL, 'completed', '2026-05-02T23:58:42.029Z', '2026-05-03T06:58:42.029Z');
insert into prescriptions (id, hospital_id, visit_id, prescribed_by_id, drug_name, dose, route, frequency, duration, instructions, status, created_at, updated_at) values ('1d3eb648-83d8-4d75-a885-f6e302d0c397', 'f2a209ad-0ed3-481e-99f6-f4dd1feb8b85', '9619c20a-fd6b-437c-93ad-08ec69d3033d', '49f789f7-be52-4266-8518-2dd3c93bd34d', 'Omeprazole', '20 mg', 'oral', 'once daily', '3 days', NULL, 'completed', '2026-05-01T08:58:42.029Z', '2026-05-11T08:58:42.029Z');
insert into prescriptions (id, hospital_id, visit_id, prescribed_by_id, drug_name, dose, route, frequency, duration, instructions, status, created_at, updated_at) values ('44844d1a-cb07-405d-b71f-ee45f7150776', 'f2a209ad-0ed3-481e-99f6-f4dd1feb8b85', '501302a4-a8af-4792-912f-c6f67b2f0d27', 'b4abb439-bf82-40e2-a3a8-5f653b6621de', 'Amlodipine', '10 mg', 'oral', 'once daily', '5 days', NULL, 'completed', '2026-05-09T08:58:42.029Z', '2026-05-09T15:58:42.029Z');
insert into prescriptions (id, hospital_id, visit_id, prescribed_by_id, drug_name, dose, route, frequency, duration, instructions, status, created_at, updated_at) values ('4b1492ea-3ca2-4e26-a3a3-21a1a77d45f2', 'f2a209ad-0ed3-481e-99f6-f4dd1feb8b85', '501302a4-a8af-4792-912f-c6f67b2f0d27', 'b4abb439-bf82-40e2-a3a8-5f653b6621de', 'Salbutamol', '2.5 mg', 'nebulized', 'every 6 hours', '6 days', NULL, 'completed', '2026-05-09T08:58:42.029Z', '2026-05-09T15:58:42.029Z');
insert into prescriptions (id, hospital_id, visit_id, prescribed_by_id, drug_name, dose, route, frequency, duration, instructions, status, created_at, updated_at) values ('45d6d6c3-998b-4fc7-8a1c-00f2025c9f18', 'f2a209ad-0ed3-481e-99f6-f4dd1feb8b85', 'a0916865-bf82-4ed3-814b-f342fdbea026', 'b4abb439-bf82-40e2-a3a8-5f653b6621de', 'Omeprazole', '20 mg', 'oral', 'once daily', '7 days', NULL, 'completed', '2026-05-09T02:58:42.029Z', '2026-05-09T07:58:42.029Z');
insert into prescriptions (id, hospital_id, visit_id, prescribed_by_id, drug_name, dose, route, frequency, duration, instructions, status, created_at, updated_at) values ('b808fd21-76d2-491f-9063-312554ae2fd5', 'f2a209ad-0ed3-481e-99f6-f4dd1feb8b85', 'a0916865-bf82-4ed3-814b-f342fdbea026', 'b4abb439-bf82-40e2-a3a8-5f653b6621de', 'Salbutamol', '2.5 mg', 'nebulized', 'every 6 hours', '4 days', NULL, 'completed', '2026-05-09T02:58:42.029Z', '2026-05-09T07:58:42.029Z');
insert into prescriptions (id, hospital_id, visit_id, prescribed_by_id, drug_name, dose, route, frequency, duration, instructions, status, created_at, updated_at) values ('47fde88a-28e7-4a54-9ad3-df4fafd9b04f', 'f2a209ad-0ed3-481e-99f6-f4dd1feb8b85', 'cd705958-f968-4109-8236-0db3428ecd82', '2997f245-29a3-4e7c-afad-fed79e80c87f', 'Amlodipine', '10 mg', 'oral', 'once daily', '6 days', NULL, 'completed', '2026-04-25T12:58:42.029Z', '2026-04-26T12:58:42.029Z');
insert into prescriptions (id, hospital_id, visit_id, prescribed_by_id, drug_name, dose, route, frequency, duration, instructions, status, created_at, updated_at) values ('92124cae-83cd-426f-aed8-27d7ff07b7e3', 'f2a209ad-0ed3-481e-99f6-f4dd1feb8b85', 'cd705958-f968-4109-8236-0db3428ecd82', '2997f245-29a3-4e7c-afad-fed79e80c87f', 'Paracetamol', '1 g', 'oral', 'every 6 hours', '3 days', NULL, 'completed', '2026-04-25T12:58:42.029Z', '2026-04-26T12:58:42.029Z');
insert into prescriptions (id, hospital_id, visit_id, prescribed_by_id, drug_name, dose, route, frequency, duration, instructions, status, created_at, updated_at) values ('b0bef61d-4cc6-4884-87c1-25d687e5c80f', 'f2a209ad-0ed3-481e-99f6-f4dd1feb8b85', '1a880559-1e63-4ff7-8e4c-3a14b24b5a0b', 'cbb0e027-6635-4afa-b5fa-ee3e45a971a2', 'Amoxicillin', '500 mg', 'oral', 'every 8 hours', '7 days', NULL, 'completed', '2026-05-18T03:58:42.029Z', '2026-05-26T03:58:42.029Z');
insert into prescriptions (id, hospital_id, visit_id, prescribed_by_id, drug_name, dose, route, frequency, duration, instructions, status, created_at, updated_at) values ('a90c1f11-dbe7-4c9d-b1af-5deedc6e0eaa', 'f2a209ad-0ed3-481e-99f6-f4dd1feb8b85', '1a880559-1e63-4ff7-8e4c-3a14b24b5a0b', 'cbb0e027-6635-4afa-b5fa-ee3e45a971a2', 'Lisinopril', '10 mg', 'oral', 'once daily', '4 days', NULL, 'completed', '2026-05-18T03:58:42.029Z', '2026-05-26T03:58:42.029Z');
insert into prescriptions (id, hospital_id, visit_id, prescribed_by_id, drug_name, dose, route, frequency, duration, instructions, status, created_at, updated_at) values ('3916786d-baf2-4a9e-aa44-1f203908571d', 'f2a209ad-0ed3-481e-99f6-f4dd1feb8b85', '60a01f75-0dbe-4a58-a4f7-af4b905f03e9', '0ec0fbf7-54d0-403f-849a-d18e2ab49415', 'Ceftriaxone', '1 g', 'IV', 'once daily', '6 days', NULL, 'completed', '2026-05-09T09:58:42.029Z', '2026-05-09T16:58:42.029Z');
insert into prescriptions (id, hospital_id, visit_id, prescribed_by_id, drug_name, dose, route, frequency, duration, instructions, status, created_at, updated_at) values ('e8b5d29b-d755-4eeb-84be-28cbc68886b2', 'f2a209ad-0ed3-481e-99f6-f4dd1feb8b85', 'cfdd7410-2167-4d03-b087-a1e111abc50c', '2997f245-29a3-4e7c-afad-fed79e80c87f', 'Metronidazole', '500 mg', 'IV', 'every 8 hours', '5 days', NULL, 'completed', '2026-05-20T06:58:42.029Z', '2026-05-20T07:58:42.029Z');
insert into prescriptions (id, hospital_id, visit_id, prescribed_by_id, drug_name, dose, route, frequency, duration, instructions, status, created_at, updated_at) values ('18d32745-9797-4884-a40d-55a18308bb52', 'f2a209ad-0ed3-481e-99f6-f4dd1feb8b85', 'cfdd7410-2167-4d03-b087-a1e111abc50c', '2997f245-29a3-4e7c-afad-fed79e80c87f', 'Lisinopril', '10 mg', 'oral', 'once daily', '7 days', NULL, 'completed', '2026-05-20T06:58:42.029Z', '2026-05-20T07:58:42.029Z');
insert into prescriptions (id, hospital_id, visit_id, prescribed_by_id, drug_name, dose, route, frequency, duration, instructions, status, created_at, updated_at) values ('e1ae4bd3-f2cd-4b1e-8a58-c75ef480556c', 'f2a209ad-0ed3-481e-99f6-f4dd1feb8b85', '6a559bb5-7fe2-4777-b68c-cd7a637aa824', 'b4abb439-bf82-40e2-a3a8-5f653b6621de', 'Salbutamol', '2.5 mg', 'nebulized', 'every 6 hours', '6 days', NULL, 'completed', '2026-05-17T15:58:42.029Z', '2026-05-17T22:58:42.029Z');
insert into prescriptions (id, hospital_id, visit_id, prescribed_by_id, drug_name, dose, route, frequency, duration, instructions, status, created_at, updated_at) values ('4439bc4e-b9da-4c2c-9935-12c79910f37b', 'f2a209ad-0ed3-481e-99f6-f4dd1feb8b85', '6a559bb5-7fe2-4777-b68c-cd7a637aa824', 'b4abb439-bf82-40e2-a3a8-5f653b6621de', 'Azithromycin', '500 mg', 'oral', 'once daily', '4 days', NULL, 'completed', '2026-05-17T15:58:42.029Z', '2026-05-17T22:58:42.029Z');
insert into prescriptions (id, hospital_id, visit_id, prescribed_by_id, drug_name, dose, route, frequency, duration, instructions, status, created_at, updated_at) values ('69edc4db-535f-4d4f-b908-d3bdada10f3f', 'f2a209ad-0ed3-481e-99f6-f4dd1feb8b85', 'b25e25ae-b8ae-4ca9-bbb5-8ad809ed9b00', '270035e7-1454-4861-bf2b-83b0ec23dc32', 'Paracetamol', '1 g', 'oral', 'every 6 hours', '3 days', NULL, 'completed', '2026-06-05T23:58:42.029Z', '2026-06-06T01:58:42.029Z');
insert into prescriptions (id, hospital_id, visit_id, prescribed_by_id, drug_name, dose, route, frequency, duration, instructions, status, created_at, updated_at) values ('97242579-683a-486c-b55a-aa3e20953072', 'f2a209ad-0ed3-481e-99f6-f4dd1feb8b85', 'b25e25ae-b8ae-4ca9-bbb5-8ad809ed9b00', '270035e7-1454-4861-bf2b-83b0ec23dc32', 'Salbutamol', '2.5 mg', 'nebulized', 'every 6 hours', '3 days', NULL, 'completed', '2026-06-05T23:58:42.029Z', '2026-06-06T01:58:42.029Z');
insert into prescriptions (id, hospital_id, visit_id, prescribed_by_id, drug_name, dose, route, frequency, duration, instructions, status, created_at, updated_at) values ('4f722c4f-d133-4c6d-b84f-eefc020e4ea3', 'f2a209ad-0ed3-481e-99f6-f4dd1feb8b85', '4d3ac88b-f3a4-45e0-aa64-b81c1e40cfd1', 'cbfd492d-d74b-4ebf-9b8c-d6cbf1a2cb8c', 'Amoxicillin', '500 mg', 'oral', 'every 8 hours', '4 days', NULL, 'completed', '2026-05-15T03:58:42.029Z', '2026-05-18T03:58:42.029Z');
insert into prescriptions (id, hospital_id, visit_id, prescribed_by_id, drug_name, dose, route, frequency, duration, instructions, status, created_at, updated_at) values ('0c64a470-3ee0-4d4b-aea4-db915c59d813', 'f2a209ad-0ed3-481e-99f6-f4dd1feb8b85', '3e963114-ab8e-49d5-a831-480c427f3917', '2997f245-29a3-4e7c-afad-fed79e80c87f', 'Metronidazole', '500 mg', 'IV', 'every 8 hours', '5 days', NULL, 'completed', '2026-05-16T18:58:42.029Z', '2026-05-17T00:58:42.029Z');
insert into prescriptions (id, hospital_id, visit_id, prescribed_by_id, drug_name, dose, route, frequency, duration, instructions, status, created_at, updated_at) values ('90342e58-634e-4d08-a839-e4764cdd5cd6', 'f2a209ad-0ed3-481e-99f6-f4dd1feb8b85', '3e963114-ab8e-49d5-a831-480c427f3917', '2997f245-29a3-4e7c-afad-fed79e80c87f', 'Azithromycin', '500 mg', 'oral', 'once daily', '7 days', NULL, 'completed', '2026-05-16T18:58:42.029Z', '2026-05-17T00:58:42.029Z');
insert into prescriptions (id, hospital_id, visit_id, prescribed_by_id, drug_name, dose, route, frequency, duration, instructions, status, created_at, updated_at) values ('ac4fe95c-cff3-4c23-920b-f319e107f707', 'f2a209ad-0ed3-481e-99f6-f4dd1feb8b85', '69259e04-2b98-4353-9ea8-e90a87365357', '2997f245-29a3-4e7c-afad-fed79e80c87f', 'Artemether-lumefantrine', '20/120 mg', 'oral', 'twice daily', '6 days', NULL, 'completed', '2026-06-05T21:58:42.029Z', '2026-06-06T03:58:42.029Z');
insert into prescriptions (id, hospital_id, visit_id, prescribed_by_id, drug_name, dose, route, frequency, duration, instructions, status, created_at, updated_at) values ('8786fadf-f548-4287-a688-11f8b0915f28', 'f2a209ad-0ed3-481e-99f6-f4dd1feb8b85', '69259e04-2b98-4353-9ea8-e90a87365357', '2997f245-29a3-4e7c-afad-fed79e80c87f', 'Ibuprofen', '400 mg', 'oral', 'every 8 hours', '5 days', NULL, 'completed', '2026-06-05T21:58:42.029Z', '2026-06-06T03:58:42.029Z');
insert into prescriptions (id, hospital_id, visit_id, prescribed_by_id, drug_name, dose, route, frequency, duration, instructions, status, created_at, updated_at) values ('c39f8110-424e-4108-83ae-5f8d9da48658', 'f2a209ad-0ed3-481e-99f6-f4dd1feb8b85', '33bca53f-4b55-4cc5-a658-f049c2223f0e', '2997f245-29a3-4e7c-afad-fed79e80c87f', 'Metformin', '1 g', 'oral', 'twice daily', '3 days', NULL, 'completed', '2026-05-04T09:58:42.029Z', '2026-05-04T11:58:42.029Z');
insert into prescriptions (id, hospital_id, visit_id, prescribed_by_id, drug_name, dose, route, frequency, duration, instructions, status, created_at, updated_at) values ('a4dad9f4-97dd-45f6-8b0c-a89c0d03f9f5', 'f2a209ad-0ed3-481e-99f6-f4dd1feb8b85', '33bca53f-4b55-4cc5-a658-f049c2223f0e', '2997f245-29a3-4e7c-afad-fed79e80c87f', 'Paracetamol', '1 g', 'oral', 'every 6 hours', '3 days', NULL, 'completed', '2026-05-04T09:58:42.029Z', '2026-05-04T11:58:42.029Z');
insert into prescriptions (id, hospital_id, visit_id, prescribed_by_id, drug_name, dose, route, frequency, duration, instructions, status, created_at, updated_at) values ('7374adee-6f55-4e45-a968-b5b5a0d840a6', 'f2a209ad-0ed3-481e-99f6-f4dd1feb8b85', 'a16231d0-ba5f-4763-9656-41939e938874', '0ec0fbf7-54d0-403f-849a-d18e2ab49415', 'Metformin', '1 g', 'oral', 'twice daily', '3 days', NULL, 'completed', '2026-05-26T11:58:42.029Z', '2026-05-26T17:58:42.029Z');
insert into prescriptions (id, hospital_id, visit_id, prescribed_by_id, drug_name, dose, route, frequency, duration, instructions, status, created_at, updated_at) values ('c6c73be3-2e62-41ca-ad65-a2f3c0a10324', 'f2a209ad-0ed3-481e-99f6-f4dd1feb8b85', '24e8a63c-7763-41e8-8d38-6b708fd9fbcb', '270035e7-1454-4861-bf2b-83b0ec23dc32', 'Salbutamol', '2.5 mg', 'nebulized', 'every 6 hours', '6 days', NULL, 'completed', '2026-04-24T15:58:42.029Z', '2026-04-24T19:58:42.029Z');

-- medication_administrations (43)
insert into medication_administrations (id, hospital_id, prescription_id, administered_by_id, scheduled_for, administered_at, status, notes, created_at) values ('e7fb4a41-803d-4fb7-8d99-b6be00c82b1b', 'f2a209ad-0ed3-481e-99f6-f4dd1feb8b85', '59c684ce-b313-4b58-9f6c-6b72bed5eafd', 'b4caffe8-6426-409f-a547-42c4e495121a', '2026-06-07T10:58:42.027Z', '2026-06-07T10:58:42.027Z', 'given', 'Tolerated well.', '2026-06-07T10:58:42.027Z');
insert into medication_administrations (id, hospital_id, prescription_id, administered_by_id, scheduled_for, administered_at, status, notes, created_at) values ('5940ae46-061a-4c9e-b456-f9fcdb3ee83d', 'f2a209ad-0ed3-481e-99f6-f4dd1feb8b85', '59c684ce-b313-4b58-9f6c-6b72bed5eafd', 'b4caffe8-6426-409f-a547-42c4e495121a', '2026-06-07T16:58:42.027Z', '2026-06-07T16:58:42.027Z', 'given', NULL, '2026-06-07T16:58:42.027Z');
insert into medication_administrations (id, hospital_id, prescription_id, administered_by_id, scheduled_for, administered_at, status, notes, created_at) values ('cecdda77-1355-4600-815c-b553022933ad', 'f2a209ad-0ed3-481e-99f6-f4dd1feb8b85', '01e8f9f2-4ee3-4743-ba8f-0d52f86062d6', 'b4caffe8-6426-409f-a547-42c4e495121a', '2026-06-06T22:58:42.027Z', '2026-06-06T22:58:42.027Z', 'given', NULL, '2026-06-06T22:58:42.027Z');
insert into medication_administrations (id, hospital_id, prescription_id, administered_by_id, scheduled_for, administered_at, status, notes, created_at) values ('138e09e3-374a-4c4a-9bd8-7a7e1230f058', 'f2a209ad-0ed3-481e-99f6-f4dd1feb8b85', 'a6bd34e0-d696-4e2b-8457-3a338bb02368', 'b4caffe8-6426-409f-a547-42c4e495121a', '2026-06-07T06:58:42.027Z', '2026-06-07T06:58:42.027Z', 'given', NULL, '2026-06-07T06:58:42.027Z');
insert into medication_administrations (id, hospital_id, prescription_id, administered_by_id, scheduled_for, administered_at, status, notes, created_at) values ('3caea724-a9b7-4836-b1b3-2203fbc19c73', 'f2a209ad-0ed3-481e-99f6-f4dd1feb8b85', 'a6bd34e0-d696-4e2b-8457-3a338bb02368', 'b4caffe8-6426-409f-a547-42c4e495121a', '2026-06-07T14:58:42.027Z', NULL, 'missed', 'Patient off ward for imaging.', '2026-06-07T14:58:42.027Z');
insert into medication_administrations (id, hospital_id, prescription_id, administered_by_id, scheduled_for, administered_at, status, notes, created_at) values ('8d16db55-733a-4344-bb92-fde46e306e46', 'f2a209ad-0ed3-481e-99f6-f4dd1feb8b85', '0a929a94-faa8-4f93-8980-87806d68a906', 'c3c6cc70-3ddd-46ff-94b2-1529d714a316', '2026-04-28T21:58:42.028Z', '2026-04-28T21:58:42.028Z', 'given', NULL, '2026-04-28T21:58:42.028Z');
insert into medication_administrations (id, hospital_id, prescription_id, administered_by_id, scheduled_for, administered_at, status, notes, created_at) values ('2fa65f26-97db-4124-a1a1-3947af895159', 'f2a209ad-0ed3-481e-99f6-f4dd1feb8b85', '0c756b16-a6e2-4bbb-bee9-7406a3743b1d', 'c3c6cc70-3ddd-46ff-94b2-1529d714a316', '2026-05-25T19:58:42.028Z', '2026-05-25T19:58:42.028Z', 'given', NULL, '2026-05-25T19:58:42.028Z');
insert into medication_administrations (id, hospital_id, prescription_id, administered_by_id, scheduled_for, administered_at, status, notes, created_at) values ('e86eab26-dd10-4b7c-b7f4-b76e3ca047c1', 'f2a209ad-0ed3-481e-99f6-f4dd1feb8b85', '2bcf355c-55c4-482d-b1ae-bae9e7b8314a', 'e5a559db-01c0-48a9-a3c7-011fb4af6d27', '2026-04-20T13:58:42.028Z', '2026-04-20T13:58:42.028Z', 'given', NULL, '2026-04-20T13:58:42.028Z');
insert into medication_administrations (id, hospital_id, prescription_id, administered_by_id, scheduled_for, administered_at, status, notes, created_at) values ('c83b4c81-131e-4899-bb39-ee34d494693d', 'f2a209ad-0ed3-481e-99f6-f4dd1feb8b85', 'f61b2f30-4339-46a1-be71-3b70aed0e53f', 'cbfd492d-d74b-4ebf-9b8c-d6cbf1a2cb8c', '2026-05-17T04:58:42.029Z', '2026-05-17T04:58:42.029Z', 'given', NULL, '2026-05-17T04:58:42.029Z');
insert into medication_administrations (id, hospital_id, prescription_id, administered_by_id, scheduled_for, administered_at, status, notes, created_at) values ('63bde1e1-2bd0-4aa5-bf68-98dc313c0234', 'f2a209ad-0ed3-481e-99f6-f4dd1feb8b85', 'ed594db6-81a5-4ae9-8630-efb7454bb73b', 'cbfd492d-d74b-4ebf-9b8c-d6cbf1a2cb8c', '2026-04-22T20:58:42.029Z', '2026-04-22T20:58:42.029Z', 'given', NULL, '2026-04-22T20:58:42.029Z');
insert into medication_administrations (id, hospital_id, prescription_id, administered_by_id, scheduled_for, administered_at, status, notes, created_at) values ('af77505d-26d9-4362-b9b5-78aa508ad64c', 'f2a209ad-0ed3-481e-99f6-f4dd1feb8b85', 'ed594db6-81a5-4ae9-8630-efb7454bb73b', 'cbfd492d-d74b-4ebf-9b8c-d6cbf1a2cb8c', '2026-04-22T04:58:42.029Z', '2026-04-22T04:58:42.029Z', 'given', NULL, '2026-04-22T04:58:42.029Z');
insert into medication_administrations (id, hospital_id, prescription_id, administered_by_id, scheduled_for, administered_at, status, notes, created_at) values ('61355fdc-6d12-4e2f-861a-e15f8a3a216b', 'f2a209ad-0ed3-481e-99f6-f4dd1feb8b85', '9329ce57-0b49-4aef-bf5c-8cae7a7890e1', 'c3c6cc70-3ddd-46ff-94b2-1529d714a316', '2026-04-24T07:58:42.029Z', '2026-04-24T07:58:42.029Z', 'held', NULL, '2026-04-24T07:58:42.029Z');
insert into medication_administrations (id, hospital_id, prescription_id, administered_by_id, scheduled_for, administered_at, status, notes, created_at) values ('1981b849-055b-41ba-ba1e-5c693a596595', 'f2a209ad-0ed3-481e-99f6-f4dd1feb8b85', '9329ce57-0b49-4aef-bf5c-8cae7a7890e1', 'c3c6cc70-3ddd-46ff-94b2-1529d714a316', '2026-04-22T04:58:42.029Z', '2026-04-22T04:58:42.029Z', 'given', NULL, '2026-04-22T04:58:42.029Z');
insert into medication_administrations (id, hospital_id, prescription_id, administered_by_id, scheduled_for, administered_at, status, notes, created_at) values ('63a9a6cb-510b-432f-bf80-379bf70689f9', 'f2a209ad-0ed3-481e-99f6-f4dd1feb8b85', '9329ce57-0b49-4aef-bf5c-8cae7a7890e1', 'b4caffe8-6426-409f-a547-42c4e495121a', '2026-04-21T22:58:42.029Z', '2026-04-21T22:58:42.029Z', 'given', NULL, '2026-04-21T22:58:42.029Z');
insert into medication_administrations (id, hospital_id, prescription_id, administered_by_id, scheduled_for, administered_at, status, notes, created_at) values ('a308b54c-4900-449d-9b00-75c8fb3416b1', 'f2a209ad-0ed3-481e-99f6-f4dd1feb8b85', '9329ce57-0b49-4aef-bf5c-8cae7a7890e1', 'e5a559db-01c0-48a9-a3c7-011fb4af6d27', '2026-04-23T22:58:42.029Z', '2026-04-23T22:58:42.029Z', 'given', NULL, '2026-04-23T22:58:42.029Z');
insert into medication_administrations (id, hospital_id, prescription_id, administered_by_id, scheduled_for, administered_at, status, notes, created_at) values ('c18675f1-c201-4eda-917a-c64edb13bad6', 'f2a209ad-0ed3-481e-99f6-f4dd1feb8b85', '1d3eb648-83d8-4d75-a885-f6e302d0c397', 'cbfd492d-d74b-4ebf-9b8c-d6cbf1a2cb8c', '2026-05-02T08:58:42.029Z', '2026-05-02T08:58:42.029Z', 'given', NULL, '2026-05-02T08:58:42.029Z');
insert into medication_administrations (id, hospital_id, prescription_id, administered_by_id, scheduled_for, administered_at, status, notes, created_at) values ('04b94412-85ca-4a64-a2fd-e0029f78aff9', 'f2a209ad-0ed3-481e-99f6-f4dd1feb8b85', '1d3eb648-83d8-4d75-a885-f6e302d0c397', 'b4caffe8-6426-409f-a547-42c4e495121a', '2026-05-04T07:58:42.029Z', '2026-05-04T07:58:42.029Z', 'refused', NULL, '2026-05-04T07:58:42.029Z');
insert into medication_administrations (id, hospital_id, prescription_id, administered_by_id, scheduled_for, administered_at, status, notes, created_at) values ('2f694f19-4f6e-42a6-a9d7-7edcd288f9d8', 'f2a209ad-0ed3-481e-99f6-f4dd1feb8b85', '4b1492ea-3ca2-4e26-a3a3-21a1a77d45f2', 'b4caffe8-6426-409f-a547-42c4e495121a', '2026-05-09T12:58:42.029Z', '2026-05-09T12:58:42.029Z', 'given', NULL, '2026-05-09T12:58:42.029Z');
insert into medication_administrations (id, hospital_id, prescription_id, administered_by_id, scheduled_for, administered_at, status, notes, created_at) values ('e328e4c8-8c2a-45b9-b3a4-92675e1f4d02', 'f2a209ad-0ed3-481e-99f6-f4dd1feb8b85', '45d6d6c3-998b-4fc7-8a1c-00f2025c9f18', 'cbfd492d-d74b-4ebf-9b8c-d6cbf1a2cb8c', '2026-05-09T04:58:42.029Z', '2026-05-09T04:58:42.029Z', 'given', NULL, '2026-05-09T04:58:42.029Z');
insert into medication_administrations (id, hospital_id, prescription_id, administered_by_id, scheduled_for, administered_at, status, notes, created_at) values ('78b3cce5-3356-4586-99f9-07deef423eb4', 'f2a209ad-0ed3-481e-99f6-f4dd1feb8b85', '47fde88a-28e7-4a54-9ad3-df4fafd9b04f', 'cbfd492d-d74b-4ebf-9b8c-d6cbf1a2cb8c', '2026-04-26T02:58:42.029Z', '2026-04-26T02:58:42.029Z', 'given', NULL, '2026-04-26T02:58:42.029Z');
insert into medication_administrations (id, hospital_id, prescription_id, administered_by_id, scheduled_for, administered_at, status, notes, created_at) values ('b50c8b37-3fa7-414c-8c8d-67a201d9752c', 'f2a209ad-0ed3-481e-99f6-f4dd1feb8b85', '47fde88a-28e7-4a54-9ad3-df4fafd9b04f', 'cbfd492d-d74b-4ebf-9b8c-d6cbf1a2cb8c', '2026-04-25T18:58:42.029Z', '2026-04-25T18:58:42.029Z', 'given', NULL, '2026-04-25T18:58:42.029Z');
insert into medication_administrations (id, hospital_id, prescription_id, administered_by_id, scheduled_for, administered_at, status, notes, created_at) values ('302f027e-7f79-42f2-b79f-67f84658bda3', 'f2a209ad-0ed3-481e-99f6-f4dd1feb8b85', '92124cae-83cd-426f-aed8-27d7ff07b7e3', 'b4caffe8-6426-409f-a547-42c4e495121a', '2026-04-25T18:58:42.029Z', '2026-04-25T18:58:42.029Z', 'given', NULL, '2026-04-25T18:58:42.029Z');
insert into medication_administrations (id, hospital_id, prescription_id, administered_by_id, scheduled_for, administered_at, status, notes, created_at) values ('1d5b9a02-716c-4a2e-8094-6c6394113f03', 'f2a209ad-0ed3-481e-99f6-f4dd1feb8b85', '92124cae-83cd-426f-aed8-27d7ff07b7e3', 'e5a559db-01c0-48a9-a3c7-011fb4af6d27', '2026-04-26T11:58:42.029Z', '2026-04-26T11:58:42.029Z', 'given', NULL, '2026-04-26T11:58:42.029Z');
insert into medication_administrations (id, hospital_id, prescription_id, administered_by_id, scheduled_for, administered_at, status, notes, created_at) values ('ee2acb89-18e2-44a9-a8a3-89ac056c3db0', 'f2a209ad-0ed3-481e-99f6-f4dd1feb8b85', '92124cae-83cd-426f-aed8-27d7ff07b7e3', 'b4caffe8-6426-409f-a547-42c4e495121a', '2026-04-25T21:58:42.029Z', '2026-04-25T21:58:42.029Z', 'given', NULL, '2026-04-25T21:58:42.029Z');
insert into medication_administrations (id, hospital_id, prescription_id, administered_by_id, scheduled_for, administered_at, status, notes, created_at) values ('bf215414-002e-44f6-8508-fd39fa8bf8e9', 'f2a209ad-0ed3-481e-99f6-f4dd1feb8b85', '92124cae-83cd-426f-aed8-27d7ff07b7e3', 'c3c6cc70-3ddd-46ff-94b2-1529d714a316', '2026-04-26T02:58:42.029Z', '2026-04-26T02:58:42.029Z', 'given', NULL, '2026-04-26T02:58:42.029Z');
insert into medication_administrations (id, hospital_id, prescription_id, administered_by_id, scheduled_for, administered_at, status, notes, created_at) values ('5604125f-e247-4c97-8306-d7a8987fdc92', 'f2a209ad-0ed3-481e-99f6-f4dd1feb8b85', '92124cae-83cd-426f-aed8-27d7ff07b7e3', 'e5a559db-01c0-48a9-a3c7-011fb4af6d27', '2026-04-26T12:58:42.029Z', '2026-04-26T12:58:42.029Z', 'given', NULL, '2026-04-26T12:58:42.029Z');
insert into medication_administrations (id, hospital_id, prescription_id, administered_by_id, scheduled_for, administered_at, status, notes, created_at) values ('00b4b953-de60-4e9f-bd7a-e843e6187e7c', 'f2a209ad-0ed3-481e-99f6-f4dd1feb8b85', 'b0bef61d-4cc6-4884-87c1-25d687e5c80f', 'e5a559db-01c0-48a9-a3c7-011fb4af6d27', '2026-05-22T19:58:42.029Z', '2026-05-22T19:58:42.029Z', 'given', NULL, '2026-05-22T19:58:42.029Z');
insert into medication_administrations (id, hospital_id, prescription_id, administered_by_id, scheduled_for, administered_at, status, notes, created_at) values ('225e974e-7e04-4d02-8bc8-a3175574b234', 'f2a209ad-0ed3-481e-99f6-f4dd1feb8b85', 'b0bef61d-4cc6-4884-87c1-25d687e5c80f', 'c3c6cc70-3ddd-46ff-94b2-1529d714a316', '2026-05-24T11:58:42.029Z', '2026-05-24T11:58:42.029Z', 'given', NULL, '2026-05-24T11:58:42.029Z');
insert into medication_administrations (id, hospital_id, prescription_id, administered_by_id, scheduled_for, administered_at, status, notes, created_at) values ('73d2ad7f-a2db-42c3-b493-12ce3d8d28c5', 'f2a209ad-0ed3-481e-99f6-f4dd1feb8b85', 'b0bef61d-4cc6-4884-87c1-25d687e5c80f', 'c3c6cc70-3ddd-46ff-94b2-1529d714a316', '2026-05-22T07:58:42.029Z', '2026-05-22T07:58:42.029Z', 'given', NULL, '2026-05-22T07:58:42.029Z');
insert into medication_administrations (id, hospital_id, prescription_id, administered_by_id, scheduled_for, administered_at, status, notes, created_at) values ('dd090586-ac5c-44de-917b-fbd6d02c81ba', 'f2a209ad-0ed3-481e-99f6-f4dd1feb8b85', 'a90c1f11-dbe7-4c9d-b1af-5deedc6e0eaa', 'b4caffe8-6426-409f-a547-42c4e495121a', '2026-05-22T06:58:42.029Z', '2026-05-22T06:58:42.029Z', 'given', NULL, '2026-05-22T06:58:42.029Z');
insert into medication_administrations (id, hospital_id, prescription_id, administered_by_id, scheduled_for, administered_at, status, notes, created_at) values ('9d482ee3-905c-41d9-bd08-965ca8416ff7', 'f2a209ad-0ed3-481e-99f6-f4dd1feb8b85', 'a90c1f11-dbe7-4c9d-b1af-5deedc6e0eaa', 'b4caffe8-6426-409f-a547-42c4e495121a', '2026-05-20T14:58:42.029Z', '2026-05-20T14:58:42.029Z', 'given', NULL, '2026-05-20T14:58:42.029Z');
insert into medication_administrations (id, hospital_id, prescription_id, administered_by_id, scheduled_for, administered_at, status, notes, created_at) values ('b1a88e6f-43be-4365-8028-2c883be594bd', 'f2a209ad-0ed3-481e-99f6-f4dd1feb8b85', 'a90c1f11-dbe7-4c9d-b1af-5deedc6e0eaa', 'e5a559db-01c0-48a9-a3c7-011fb4af6d27', '2026-05-22T15:58:42.029Z', '2026-05-22T15:58:42.029Z', 'given', NULL, '2026-05-22T15:58:42.029Z');
insert into medication_administrations (id, hospital_id, prescription_id, administered_by_id, scheduled_for, administered_at, status, notes, created_at) values ('9dd59152-e22a-48ae-9af6-caa0c30ac164', 'f2a209ad-0ed3-481e-99f6-f4dd1feb8b85', '3916786d-baf2-4a9e-aa44-1f203908571d', 'b4caffe8-6426-409f-a547-42c4e495121a', '2026-05-09T11:58:42.029Z', '2026-05-09T11:58:42.029Z', 'given', NULL, '2026-05-09T11:58:42.029Z');
insert into medication_administrations (id, hospital_id, prescription_id, administered_by_id, scheduled_for, administered_at, status, notes, created_at) values ('7323dce1-0200-4959-9a4a-4e23142e75a7', 'f2a209ad-0ed3-481e-99f6-f4dd1feb8b85', 'e8b5d29b-d755-4eeb-84be-28cbc68886b2', 'e5a559db-01c0-48a9-a3c7-011fb4af6d27', '2026-05-20T06:58:42.029Z', '2026-05-20T06:58:42.029Z', 'given', NULL, '2026-05-20T06:58:42.029Z');
insert into medication_administrations (id, hospital_id, prescription_id, administered_by_id, scheduled_for, administered_at, status, notes, created_at) values ('d52b3892-240b-433b-a419-cffa121bc18b', 'f2a209ad-0ed3-481e-99f6-f4dd1feb8b85', '18d32745-9797-4884-a40d-55a18308bb52', 'c3c6cc70-3ddd-46ff-94b2-1529d714a316', '2026-05-20T06:58:42.029Z', '2026-05-20T06:58:42.029Z', 'given', NULL, '2026-05-20T06:58:42.029Z');
insert into medication_administrations (id, hospital_id, prescription_id, administered_by_id, scheduled_for, administered_at, status, notes, created_at) values ('237dad64-7356-4c18-9588-66f41ab764e5', 'f2a209ad-0ed3-481e-99f6-f4dd1feb8b85', '4439bc4e-b9da-4c2c-9935-12c79910f37b', 'c3c6cc70-3ddd-46ff-94b2-1529d714a316', '2026-05-17T22:58:42.029Z', '2026-05-17T22:58:42.029Z', 'given', NULL, '2026-05-17T22:58:42.029Z');
insert into medication_administrations (id, hospital_id, prescription_id, administered_by_id, scheduled_for, administered_at, status, notes, created_at) values ('82532e60-c1c6-4d9a-9bf8-b4513c71a04e', 'f2a209ad-0ed3-481e-99f6-f4dd1feb8b85', '4f722c4f-d133-4c6d-b84f-eefc020e4ea3', 'b4caffe8-6426-409f-a547-42c4e495121a', '2026-05-18T02:58:42.029Z', '2026-05-18T02:58:42.029Z', 'held', NULL, '2026-05-18T02:58:42.029Z');
insert into medication_administrations (id, hospital_id, prescription_id, administered_by_id, scheduled_for, administered_at, status, notes, created_at) values ('9827b9df-b1be-4653-898c-50340e4a5551', 'f2a209ad-0ed3-481e-99f6-f4dd1feb8b85', '4f722c4f-d133-4c6d-b84f-eefc020e4ea3', 'e5a559db-01c0-48a9-a3c7-011fb4af6d27', '2026-05-17T11:58:42.029Z', '2026-05-17T11:58:42.029Z', 'given', NULL, '2026-05-17T11:58:42.029Z');
insert into medication_administrations (id, hospital_id, prescription_id, administered_by_id, scheduled_for, administered_at, status, notes, created_at) values ('22f0208c-4830-427b-829b-5db03bf265fd', 'f2a209ad-0ed3-481e-99f6-f4dd1feb8b85', '4f722c4f-d133-4c6d-b84f-eefc020e4ea3', 'e5a559db-01c0-48a9-a3c7-011fb4af6d27', '2026-05-18T03:58:42.029Z', '2026-05-18T03:58:42.029Z', 'given', NULL, '2026-05-18T03:58:42.029Z');
insert into medication_administrations (id, hospital_id, prescription_id, administered_by_id, scheduled_for, administered_at, status, notes, created_at) values ('5489e966-dcaf-4a73-983b-4de4fa0963ee', 'f2a209ad-0ed3-481e-99f6-f4dd1feb8b85', '4f722c4f-d133-4c6d-b84f-eefc020e4ea3', 'b4caffe8-6426-409f-a547-42c4e495121a', '2026-05-16T23:58:42.029Z', '2026-05-16T23:58:42.029Z', 'given', NULL, '2026-05-16T23:58:42.029Z');
insert into medication_administrations (id, hospital_id, prescription_id, administered_by_id, scheduled_for, administered_at, status, notes, created_at) values ('fa4d09e6-4010-4f5d-a13c-2dfdc32b71f8', 'f2a209ad-0ed3-481e-99f6-f4dd1feb8b85', '0c64a470-3ee0-4d4b-aea4-db915c59d813', 'c3c6cc70-3ddd-46ff-94b2-1529d714a316', '2026-05-17T00:58:42.029Z', '2026-05-17T00:58:42.029Z', 'given', NULL, '2026-05-17T00:58:42.029Z');
insert into medication_administrations (id, hospital_id, prescription_id, administered_by_id, scheduled_for, administered_at, status, notes, created_at) values ('6bc1d8f0-b40f-4a69-9702-d420fe68c201', 'f2a209ad-0ed3-481e-99f6-f4dd1feb8b85', '90342e58-634e-4d08-a839-e4764cdd5cd6', 'c3c6cc70-3ddd-46ff-94b2-1529d714a316', '2026-05-16T21:58:42.029Z', '2026-05-16T21:58:42.029Z', 'given', NULL, '2026-05-16T21:58:42.029Z');
insert into medication_administrations (id, hospital_id, prescription_id, administered_by_id, scheduled_for, administered_at, status, notes, created_at) values ('1d6e69b5-3046-4944-8e08-7fa707ac7152', 'f2a209ad-0ed3-481e-99f6-f4dd1feb8b85', 'c6c73be3-2e62-41ca-ad65-a2f3c0a10324', 'e5a559db-01c0-48a9-a3c7-011fb4af6d27', '2026-04-24T19:58:42.029Z', '2026-04-24T19:58:42.029Z', 'given', NULL, '2026-04-24T19:58:42.029Z');

-- treatment_records (44)
insert into treatment_records (id, hospital_id, visit_id, recorded_by_id, spo2, pulse, bp_systolic, bp_diastolic, temperature_c, gcs_score, notes, recorded_at, weight_kg) values ('e10a179a-4348-443d-8c7e-bf520c3be49d', 'f2a209ad-0ed3-481e-99f6-f4dd1feb8b85', 'f4c3ba6e-c8ee-4041-9f51-8ff12afa6950', 'cbfd492d-d74b-4ebf-9b8c-d6cbf1a2cb8c', 96, 102, 158, 96, 37, 15, 'Chest pain 7/10. ECG taken, troponin sent.', '2026-06-07T19:58:42.027Z', 78.5);
insert into treatment_records (id, hospital_id, visit_id, recorded_by_id, spo2, pulse, bp_systolic, bp_diastolic, temperature_c, gcs_score, notes, recorded_at, weight_kg) values ('9803b24e-8b5b-4382-b52f-103f09d48a4d', 'f2a209ad-0ed3-481e-99f6-f4dd1feb8b85', '8fe73c8f-c7b2-442a-b03d-53340bbe6ba1', 'b4caffe8-6426-409f-a547-42c4e495121a', 97, 88, 128, 82, 37.4, 15, 'Stable post-op. Pain controlled. Mobilizing with assistance.', '2026-06-07T16:58:42.027Z', 71);
insert into treatment_records (id, hospital_id, visit_id, recorded_by_id, spo2, pulse, bp_systolic, bp_diastolic, temperature_c, gcs_score, notes, recorded_at, weight_kg) values ('6b02c0e2-1f87-43a7-bf12-0f7c18fb891c', 'f2a209ad-0ed3-481e-99f6-f4dd1feb8b85', 'c27b3859-1e03-4d48-bd34-48d7ea0d4d4a', 'b4caffe8-6426-409f-a547-42c4e495121a', 94, 104, 148, 95, 37.9, 7, 'Unresponsive to voice, localizes to pain. Pupils equal/reactive. CT head pending.', '2026-06-07T18:58:42.027Z', 82);
insert into treatment_records (id, hospital_id, visit_id, recorded_by_id, spo2, pulse, bp_systolic, bp_diastolic, temperature_c, gcs_score, notes, recorded_at, weight_kg) values ('93f32ccb-cbbc-4fbf-8ccd-be93e11c7a65', 'f2a209ad-0ed3-481e-99f6-f4dd1feb8b85', 'c27b3859-1e03-4d48-bd34-48d7ea0d4d4a', 'b4abb439-bf82-40e2-a3a8-5f653b6621de', 96, 92, 138, 88, 37.5, 9, 'Slight improvement in responsiveness. Continue close monitoring.', '2026-06-07T21:58:42.027Z', 82);
insert into treatment_records (id, hospital_id, visit_id, recorded_by_id, spo2, pulse, bp_systolic, bp_diastolic, temperature_c, gcs_score, notes, recorded_at, weight_kg) values ('514b4b5b-07a5-46b8-8b3e-68e8095a56b6', 'f2a209ad-0ed3-481e-99f6-f4dd1feb8b85', '55ad5120-645b-48d9-a33b-922dd182c53d', 'b4caffe8-6426-409f-a547-42c4e495121a', 98, 74, 118, 76, 36.9, 15, 'Afebrile 48h. Chest clear on auscultation. Fit for discharge planning.', '2026-06-07T10:58:42.027Z', 64.5);
insert into treatment_records (id, hospital_id, visit_id, recorded_by_id, spo2, pulse, bp_systolic, bp_diastolic, temperature_c, gcs_score, notes, recorded_at, weight_kg) values ('4e48b1ab-45c7-4942-868a-ba967c0dd4e1', 'f2a209ad-0ed3-481e-99f6-f4dd1feb8b85', 'cd262f21-930e-4ee5-86e3-e8c8c71199a0', 'c3c6cc70-3ddd-46ff-94b2-1529d714a316', 92, 91, 151, 99, 37.8, 15, NULL, '2026-05-08T07:58:42.028Z', 63.1);
insert into treatment_records (id, hospital_id, visit_id, recorded_by_id, spo2, pulse, bp_systolic, bp_diastolic, temperature_c, gcs_score, notes, recorded_at, weight_kg) values ('1674db71-2578-4cc3-beb7-2640ed3ac2e4', 'f2a209ad-0ed3-481e-99f6-f4dd1feb8b85', 'cd262f21-930e-4ee5-86e3-e8c8c71199a0', 'b4caffe8-6426-409f-a547-42c4e495121a', 94, 81, 108, 76, 37.4, 15, NULL, '2026-05-10T07:58:42.028Z', 67.6);
insert into treatment_records (id, hospital_id, visit_id, recorded_by_id, spo2, pulse, bp_systolic, bp_diastolic, temperature_c, gcs_score, notes, recorded_at, weight_kg) values ('cbfa6bb0-14a3-4ee3-9620-fd82fbb1ae8e', 'f2a209ad-0ed3-481e-99f6-f4dd1feb8b85', '2c9f6b6b-240d-40ff-995c-767c06fe8e22', 'cbfd492d-d74b-4ebf-9b8c-d6cbf1a2cb8c', 92, 94, 153, 60, 36.8, 15, NULL, '2026-05-14T16:58:42.028Z', 59.3);
insert into treatment_records (id, hospital_id, visit_id, recorded_by_id, spo2, pulse, bp_systolic, bp_diastolic, temperature_c, gcs_score, notes, recorded_at, weight_kg) values ('94240eb2-0a8c-454b-b9eb-3c21d2c020fa', 'f2a209ad-0ed3-481e-99f6-f4dd1feb8b85', '79db9b21-d335-4b7c-89c6-1e05b284f8e6', 'c3c6cc70-3ddd-46ff-94b2-1529d714a316', 95, 84, 109, 96, 36.7, 15, NULL, '2026-04-22T23:58:42.028Z', 82);
insert into treatment_records (id, hospital_id, visit_id, recorded_by_id, spo2, pulse, bp_systolic, bp_diastolic, temperature_c, gcs_score, notes, recorded_at, weight_kg) values ('dd1d7788-89a9-4462-ab14-644a26547f99', 'f2a209ad-0ed3-481e-99f6-f4dd1feb8b85', '5b8dc633-aa4a-4743-903e-4317feee2ad6', 'c3c6cc70-3ddd-46ff-94b2-1529d714a316', 92, 97, 113, 66, 36.6, 15, NULL, '2026-05-17T18:58:42.028Z', 91.9);
insert into treatment_records (id, hospital_id, visit_id, recorded_by_id, spo2, pulse, bp_systolic, bp_diastolic, temperature_c, gcs_score, notes, recorded_at, weight_kg) values ('1777cd36-9564-4bb7-90e5-63519dd74888', 'f2a209ad-0ed3-481e-99f6-f4dd1feb8b85', '577b81bc-ae7f-4487-a0fb-2ed6e186cd11', 'b4caffe8-6426-409f-a547-42c4e495121a', 98, 79, 127, 90, 36.5, 15, NULL, '2026-04-24T09:58:42.028Z', 80.5);
insert into treatment_records (id, hospital_id, visit_id, recorded_by_id, spo2, pulse, bp_systolic, bp_diastolic, temperature_c, gcs_score, notes, recorded_at, weight_kg) values ('7dc010d4-5c1e-4b25-9f0f-f8fa8ec10f1b', 'f2a209ad-0ed3-481e-99f6-f4dd1feb8b85', 'f26d1eac-ddd6-4b63-8080-3878981f5893', 'c3c6cc70-3ddd-46ff-94b2-1529d714a316', 94, 102, 118, 86, 36.3, 15, NULL, '2026-04-29T00:58:42.028Z', 97.2);
insert into treatment_records (id, hospital_id, visit_id, recorded_by_id, spo2, pulse, bp_systolic, bp_diastolic, temperature_c, gcs_score, notes, recorded_at, weight_kg) values ('700c849c-bc42-471d-8254-9e69fe63b376', 'f2a209ad-0ed3-481e-99f6-f4dd1feb8b85', 'c916ea33-6e36-4b2b-8771-58fbb443a754', 'cbfd492d-d74b-4ebf-9b8c-d6cbf1a2cb8c', 97, 62, 128, 67, 36.8, 15, NULL, '2026-04-23T16:58:42.028Z', 61.5);
insert into treatment_records (id, hospital_id, visit_id, recorded_by_id, spo2, pulse, bp_systolic, bp_diastolic, temperature_c, gcs_score, notes, recorded_at, weight_kg) values ('09abf4d0-f96e-4ed1-9ce4-9507447fb6de', 'f2a209ad-0ed3-481e-99f6-f4dd1feb8b85', '06d50617-4555-4b99-9437-40ea98d2fd30', 'c3c6cc70-3ddd-46ff-94b2-1529d714a316', 95, 89, 139, 96, 36.2, 15, NULL, '2026-05-01T01:58:42.028Z', 100);
insert into treatment_records (id, hospital_id, visit_id, recorded_by_id, spo2, pulse, bp_systolic, bp_diastolic, temperature_c, gcs_score, notes, recorded_at, weight_kg) values ('a58f3d45-b0f6-4997-966d-cda01f3c0017', 'f2a209ad-0ed3-481e-99f6-f4dd1feb8b85', '85c79a5f-d0d4-4ded-a8c3-dcaa3b1e158f', 'b4caffe8-6426-409f-a547-42c4e495121a', 97, 79, 160, 88, 38.1, 15, NULL, '2026-04-15T17:58:42.028Z', 63.4);
insert into treatment_records (id, hospital_id, visit_id, recorded_by_id, spo2, pulse, bp_systolic, bp_diastolic, temperature_c, gcs_score, notes, recorded_at, weight_kg) values ('fef12756-38e0-4299-9bcb-ae6fda6ccf21', 'f2a209ad-0ed3-481e-99f6-f4dd1feb8b85', '85c79a5f-d0d4-4ded-a8c3-dcaa3b1e158f', 'e5a559db-01c0-48a9-a3c7-011fb4af6d27', 95, 72, 124, 62, 36.3, 15, NULL, '2026-04-16T13:58:42.028Z', 93.5);
insert into treatment_records (id, hospital_id, visit_id, recorded_by_id, spo2, pulse, bp_systolic, bp_diastolic, temperature_c, gcs_score, notes, recorded_at, weight_kg) values ('8d0be35d-afd2-4d94-806e-062ec3588bde', 'f2a209ad-0ed3-481e-99f6-f4dd1feb8b85', 'e1eab227-a1d9-4f4a-8067-f6dde1d7be41', 'e5a559db-01c0-48a9-a3c7-011fb4af6d27', 100, 62, 163, 77, 36.6, 15, NULL, '2026-04-13T23:58:42.028Z', 78.9);
insert into treatment_records (id, hospital_id, visit_id, recorded_by_id, spo2, pulse, bp_systolic, bp_diastolic, temperature_c, gcs_score, notes, recorded_at, weight_kg) values ('9f8e80e7-ef66-499c-8df3-31bb6642048e', 'f2a209ad-0ed3-481e-99f6-f4dd1feb8b85', 'bca26ecc-c980-4350-a3ac-42d696f035ca', 'cbfd492d-d74b-4ebf-9b8c-d6cbf1a2cb8c', 100, 76, 123, 83, 36.4, 15, NULL, '2026-04-09T19:58:42.029Z', 91.3);
insert into treatment_records (id, hospital_id, visit_id, recorded_by_id, spo2, pulse, bp_systolic, bp_diastolic, temperature_c, gcs_score, notes, recorded_at, weight_kg) values ('3a8a1e46-5f8e-4003-97b1-f4692b93783c', 'f2a209ad-0ed3-481e-99f6-f4dd1feb8b85', 'd124acda-c621-4ef4-8bb7-1bf9ea72521b', 'cbfd492d-d74b-4ebf-9b8c-d6cbf1a2cb8c', 95, 100, 137, 74, 36.1, 15, NULL, '2026-05-17T03:58:42.029Z', 81);
insert into treatment_records (id, hospital_id, visit_id, recorded_by_id, spo2, pulse, bp_systolic, bp_diastolic, temperature_c, gcs_score, notes, recorded_at, weight_kg) values ('cf4b03df-af6e-47d2-931c-baf0bfbb8878', 'f2a209ad-0ed3-481e-99f6-f4dd1feb8b85', '2d7999e3-f6db-4f95-93e9-40afe2d42810', 'c3c6cc70-3ddd-46ff-94b2-1529d714a316', 96, 99, 161, 76, 37.9, 15, NULL, '2026-04-22T00:58:42.029Z', 57.4);
insert into treatment_records (id, hospital_id, visit_id, recorded_by_id, spo2, pulse, bp_systolic, bp_diastolic, temperature_c, gcs_score, notes, recorded_at, weight_kg) values ('adf4f3c1-3b31-4f09-b1a5-1a3c091247f0', 'f2a209ad-0ed3-481e-99f6-f4dd1feb8b85', '2d7999e3-f6db-4f95-93e9-40afe2d42810', 'b4caffe8-6426-409f-a547-42c4e495121a', 100, 65, 145, 97, 37.6, 15, NULL, '2026-04-21T19:58:42.029Z', 78.3);
insert into treatment_records (id, hospital_id, visit_id, recorded_by_id, spo2, pulse, bp_systolic, bp_diastolic, temperature_c, gcs_score, notes, recorded_at, weight_kg) values ('6d9bff03-9064-473b-90de-4e49217e6eb7', 'f2a209ad-0ed3-481e-99f6-f4dd1feb8b85', '2d7999e3-f6db-4f95-93e9-40afe2d42810', 'cbfd492d-d74b-4ebf-9b8c-d6cbf1a2cb8c', 94, 108, 125, 62, 37.3, 15, NULL, '2026-04-21T10:58:42.029Z', 85.9);
insert into treatment_records (id, hospital_id, visit_id, recorded_by_id, spo2, pulse, bp_systolic, bp_diastolic, temperature_c, gcs_score, notes, recorded_at, weight_kg) values ('3e7e52c2-7bc1-4399-87e9-e93996638bc6', 'f2a209ad-0ed3-481e-99f6-f4dd1feb8b85', '864d9288-aca7-4668-9a79-a05891fcfed2', 'e5a559db-01c0-48a9-a3c7-011fb4af6d27', 97, 107, 122, 93, 37.7, 15, NULL, '2026-04-14T19:58:42.029Z', 83.4);
insert into treatment_records (id, hospital_id, visit_id, recorded_by_id, spo2, pulse, bp_systolic, bp_diastolic, temperature_c, gcs_score, notes, recorded_at, weight_kg) values ('3d4a5f22-6c55-47c8-a4b1-644eed98cc70', 'f2a209ad-0ed3-481e-99f6-f4dd1feb8b85', '5adaf43d-5818-4ceb-84e3-632a12f465a7', 'c3c6cc70-3ddd-46ff-94b2-1529d714a316', 95, 115, 103, 87, 37.7, 15, NULL, '2026-05-03T05:58:42.029Z', 86.6);
insert into treatment_records (id, hospital_id, visit_id, recorded_by_id, spo2, pulse, bp_systolic, bp_diastolic, temperature_c, gcs_score, notes, recorded_at, weight_kg) values ('0e816af9-661e-44a4-a4f1-91b9dc75f1d6', 'f2a209ad-0ed3-481e-99f6-f4dd1feb8b85', 'd131767a-c1ad-422d-9514-10fc3a31cfc9', 'b4caffe8-6426-409f-a547-42c4e495121a', 92, 108, 141, 72, 37.5, 15, NULL, '2026-06-02T09:58:42.029Z', 74.9);
insert into treatment_records (id, hospital_id, visit_id, recorded_by_id, spo2, pulse, bp_systolic, bp_diastolic, temperature_c, gcs_score, notes, recorded_at, weight_kg) values ('41af17e6-dac6-4050-b404-f80793c18bc3', 'f2a209ad-0ed3-481e-99f6-f4dd1feb8b85', 'd131767a-c1ad-422d-9514-10fc3a31cfc9', 'b4caffe8-6426-409f-a547-42c4e495121a', 92, 89, 140, 94, 36.1, 15, NULL, '2026-05-29T09:58:42.029Z', 62.4);
insert into treatment_records (id, hospital_id, visit_id, recorded_by_id, spo2, pulse, bp_systolic, bp_diastolic, temperature_c, gcs_score, notes, recorded_at, weight_kg) values ('2d44ad2b-0fe2-4dd1-8b6b-60b5fb0a347c', 'f2a209ad-0ed3-481e-99f6-f4dd1feb8b85', 'd131767a-c1ad-422d-9514-10fc3a31cfc9', 'b4caffe8-6426-409f-a547-42c4e495121a', 93, 62, 118, 98, 38.4, 15, NULL, '2026-05-31T15:58:42.029Z', 58);
insert into treatment_records (id, hospital_id, visit_id, recorded_by_id, spo2, pulse, bp_systolic, bp_diastolic, temperature_c, gcs_score, notes, recorded_at, weight_kg) values ('60f5d70e-2098-4851-9823-8b96ef3d044c', 'f2a209ad-0ed3-481e-99f6-f4dd1feb8b85', '9619c20a-fd6b-437c-93ad-08ec69d3033d', 'cbfd492d-d74b-4ebf-9b8c-d6cbf1a2cb8c', 99, 118, 127, 81, 38.1, 15, NULL, '2026-05-09T20:58:42.029Z', 88.3);
insert into treatment_records (id, hospital_id, visit_id, recorded_by_id, spo2, pulse, bp_systolic, bp_diastolic, temperature_c, gcs_score, notes, recorded_at, weight_kg) values ('0e2eaa2c-ed7f-457f-b59d-0e6ad60ca408', 'f2a209ad-0ed3-481e-99f6-f4dd1feb8b85', '9619c20a-fd6b-437c-93ad-08ec69d3033d', 'cbfd492d-d74b-4ebf-9b8c-d6cbf1a2cb8c', 96, 108, 125, 71, 36.3, 15, NULL, '2026-05-02T09:58:42.029Z', 76.5);
insert into treatment_records (id, hospital_id, visit_id, recorded_by_id, spo2, pulse, bp_systolic, bp_diastolic, temperature_c, gcs_score, notes, recorded_at, weight_kg) values ('3eba6605-22d1-4dfa-a963-fe924afa7a46', 'f2a209ad-0ed3-481e-99f6-f4dd1feb8b85', 'a0916865-bf82-4ed3-814b-f342fdbea026', 'c3c6cc70-3ddd-46ff-94b2-1529d714a316', 92, 72, 156, 83, 36.3, 15, NULL, '2026-05-09T03:58:42.029Z', 95.2);
insert into treatment_records (id, hospital_id, visit_id, recorded_by_id, spo2, pulse, bp_systolic, bp_diastolic, temperature_c, gcs_score, notes, recorded_at, weight_kg) values ('70a88e1c-cb42-4f85-9994-dbf0d88b0ab8', 'f2a209ad-0ed3-481e-99f6-f4dd1feb8b85', 'cd705958-f968-4109-8236-0db3428ecd82', 'c3c6cc70-3ddd-46ff-94b2-1529d714a316', 98, 65, 152, 92, 37, 15, NULL, '2026-04-25T16:58:42.029Z', 63);
insert into treatment_records (id, hospital_id, visit_id, recorded_by_id, spo2, pulse, bp_systolic, bp_diastolic, temperature_c, gcs_score, notes, recorded_at, weight_kg) values ('fe94a18f-012e-47c2-9bfa-0971409527e0', 'f2a209ad-0ed3-481e-99f6-f4dd1feb8b85', '1a880559-1e63-4ff7-8e4c-3a14b24b5a0b', 'e5a559db-01c0-48a9-a3c7-011fb4af6d27', 95, 117, 125, 74, 37.8, 15, NULL, '2026-05-22T00:58:42.029Z', 55.9);
insert into treatment_records (id, hospital_id, visit_id, recorded_by_id, spo2, pulse, bp_systolic, bp_diastolic, temperature_c, gcs_score, notes, recorded_at, weight_kg) values ('6fa09a19-2467-45de-92ec-c46fd3e455a2', 'f2a209ad-0ed3-481e-99f6-f4dd1feb8b85', '1a880559-1e63-4ff7-8e4c-3a14b24b5a0b', 'e5a559db-01c0-48a9-a3c7-011fb4af6d27', 100, 60, 164, 80, 37.1, 15, NULL, '2026-05-22T13:58:42.029Z', 69.4);
insert into treatment_records (id, hospital_id, visit_id, recorded_by_id, spo2, pulse, bp_systolic, bp_diastolic, temperature_c, gcs_score, notes, recorded_at, weight_kg) values ('fbf3a3c4-5a97-49e5-8565-dd482bcff4cf', 'f2a209ad-0ed3-481e-99f6-f4dd1feb8b85', '1a880559-1e63-4ff7-8e4c-3a14b24b5a0b', 'e5a559db-01c0-48a9-a3c7-011fb4af6d27', 99, 75, 161, 97, 37.4, 15, NULL, '2026-05-24T20:58:42.029Z', 86.5);
insert into treatment_records (id, hospital_id, visit_id, recorded_by_id, spo2, pulse, bp_systolic, bp_diastolic, temperature_c, gcs_score, notes, recorded_at, weight_kg) values ('293dfa8e-36a9-4248-8fcb-9b8dd574d8de', 'f2a209ad-0ed3-481e-99f6-f4dd1feb8b85', 'cfdd7410-2167-4d03-b087-a1e111abc50c', 'b4caffe8-6426-409f-a547-42c4e495121a', 92, 78, 162, 73, 37.2, 15, NULL, '2026-05-20T07:58:42.029Z', 96.9);
insert into treatment_records (id, hospital_id, visit_id, recorded_by_id, spo2, pulse, bp_systolic, bp_diastolic, temperature_c, gcs_score, notes, recorded_at, weight_kg) values ('2467019e-c081-401c-931f-b9a0f2a29e48', 'f2a209ad-0ed3-481e-99f6-f4dd1feb8b85', '6a559bb5-7fe2-4777-b68c-cd7a637aa824', 'e5a559db-01c0-48a9-a3c7-011fb4af6d27', 99, 83, 149, 70, 37.1, 15, NULL, '2026-05-17T19:58:42.029Z', 69.3);
insert into treatment_records (id, hospital_id, visit_id, recorded_by_id, spo2, pulse, bp_systolic, bp_diastolic, temperature_c, gcs_score, notes, recorded_at, weight_kg) values ('20e77398-53f9-4b8e-b577-cc4fdcd78d62', 'f2a209ad-0ed3-481e-99f6-f4dd1feb8b85', 'b25e25ae-b8ae-4ca9-bbb5-8ad809ed9b00', 'b4caffe8-6426-409f-a547-42c4e495121a', 95, 107, 103, 69, 37, 15, NULL, '2026-06-05T23:58:42.029Z', 93.9);
insert into treatment_records (id, hospital_id, visit_id, recorded_by_id, spo2, pulse, bp_systolic, bp_diastolic, temperature_c, gcs_score, notes, recorded_at, weight_kg) values ('e892b286-865c-4dcb-81e3-564aa76879d8', 'f2a209ad-0ed3-481e-99f6-f4dd1feb8b85', '4d3ac88b-f3a4-45e0-aa64-b81c1e40cfd1', 'cbfd492d-d74b-4ebf-9b8c-d6cbf1a2cb8c', 98, 69, 134, 86, 37.2, 15, NULL, '2026-05-16T11:58:42.029Z', 81.4);
insert into treatment_records (id, hospital_id, visit_id, recorded_by_id, spo2, pulse, bp_systolic, bp_diastolic, temperature_c, gcs_score, notes, recorded_at, weight_kg) values ('ff5168ae-93a8-41ce-a569-13d4f9eb4f49', 'f2a209ad-0ed3-481e-99f6-f4dd1feb8b85', '4d3ac88b-f3a4-45e0-aa64-b81c1e40cfd1', 'c3c6cc70-3ddd-46ff-94b2-1529d714a316', 100, 77, 115, 84, 36.6, 15, NULL, '2026-05-16T03:58:42.029Z', 59);
insert into treatment_records (id, hospital_id, visit_id, recorded_by_id, spo2, pulse, bp_systolic, bp_diastolic, temperature_c, gcs_score, notes, recorded_at, weight_kg) values ('1aa2129f-f927-4e16-84f2-aaf902940ee5', 'f2a209ad-0ed3-481e-99f6-f4dd1feb8b85', '4d3ac88b-f3a4-45e0-aa64-b81c1e40cfd1', 'e5a559db-01c0-48a9-a3c7-011fb4af6d27', 93, 84, 126, 70, 37.1, 15, NULL, '2026-05-16T09:58:42.029Z', 65.3);
insert into treatment_records (id, hospital_id, visit_id, recorded_by_id, spo2, pulse, bp_systolic, bp_diastolic, temperature_c, gcs_score, notes, recorded_at, weight_kg) values ('52fd426d-3610-4943-8f2a-0d987f1bfb35', 'f2a209ad-0ed3-481e-99f6-f4dd1feb8b85', '69259e04-2b98-4353-9ea8-e90a87365357', 'cbfd492d-d74b-4ebf-9b8c-d6cbf1a2cb8c', 95, 106, 123, 75, 37.4, 15, NULL, '2026-06-06T01:58:42.029Z', 78.3);
insert into treatment_records (id, hospital_id, visit_id, recorded_by_id, spo2, pulse, bp_systolic, bp_diastolic, temperature_c, gcs_score, notes, recorded_at, weight_kg) values ('4775f66a-98d6-4bbb-8dac-a64423fb6d03', 'f2a209ad-0ed3-481e-99f6-f4dd1feb8b85', '33bca53f-4b55-4cc5-a658-f049c2223f0e', 'cbfd492d-d74b-4ebf-9b8c-d6cbf1a2cb8c', 100, 78, 155, 86, 37.7, 15, NULL, '2026-05-04T10:58:42.029Z', 69.1);
insert into treatment_records (id, hospital_id, visit_id, recorded_by_id, spo2, pulse, bp_systolic, bp_diastolic, temperature_c, gcs_score, notes, recorded_at, weight_kg) values ('b848e1d5-7571-446f-87e1-766cee2a3e2a', 'f2a209ad-0ed3-481e-99f6-f4dd1feb8b85', 'dd47ee1e-cdab-4b53-a2aa-3577143586f8', 'cbfd492d-d74b-4ebf-9b8c-d6cbf1a2cb8c', 96, 95, 112, 97, 37.6, 15, NULL, '2026-04-21T18:58:42.029Z', 91);
insert into treatment_records (id, hospital_id, visit_id, recorded_by_id, spo2, pulse, bp_systolic, bp_diastolic, temperature_c, gcs_score, notes, recorded_at, weight_kg) values ('fe4a0fc2-31d9-4d7c-a970-cddd3af7bf68', 'f2a209ad-0ed3-481e-99f6-f4dd1feb8b85', 'dd47ee1e-cdab-4b53-a2aa-3577143586f8', 'b4caffe8-6426-409f-a547-42c4e495121a', 96, 64, 154, 83, 36.5, 15, NULL, '2026-04-22T04:58:42.029Z', 83.5);

-- admissions (12)
insert into admissions (id, hospital_id, visit_id, patient_id, attending_doctor_id, ward_id, bed_id, status, stage, reason, is_medical_cleared, is_financial_cleared, is_pharmacy_ready, admitted_at, discharged_at, updated_at) values ('f1d9c102-aad8-4af3-9d48-21ec45949285', 'f2a209ad-0ed3-481e-99f6-f4dd1feb8b85', '8fe73c8f-c7b2-442a-b03d-53340bbe6ba1', '0ad47daa-2fc7-403d-a26b-738f51eeaa96', '270035e7-1454-4861-bf2b-83b0ec23dc32', '18ba142e-9bae-4d74-99f7-030a2dcd5351', '83da8e05-5228-41cb-8da3-481c5105d761', 'active', 'treatment', 'Post-operative recovery, laparotomy', false, true, false, '2026-06-06T18:58:42.027Z', NULL, '2026-06-07T16:58:42.027Z');
insert into admissions (id, hospital_id, visit_id, patient_id, attending_doctor_id, ward_id, bed_id, status, stage, reason, is_medical_cleared, is_financial_cleared, is_pharmacy_ready, admitted_at, discharged_at, updated_at) values ('1f8d3863-d0c2-4c0f-819e-7953d3dda574', 'f2a209ad-0ed3-481e-99f6-f4dd1feb8b85', 'c27b3859-1e03-4d48-bd34-48d7ea0d4d4a', '7d5ccec8-4d8b-49d8-b105-c65364cc1b97', 'b4abb439-bf82-40e2-a3a8-5f653b6621de', '18ba142e-9bae-4d74-99f7-030a2dcd5351', '803f72f4-f139-489c-9484-427f37ec05ca', 'active', 'treatment', 'Unconscious on arrival, head trauma — RTA', false, false, false, '2026-06-07T17:58:42.027Z', NULL, '2026-06-07T21:58:42.027Z');
insert into admissions (id, hospital_id, visit_id, patient_id, attending_doctor_id, ward_id, bed_id, status, stage, reason, is_medical_cleared, is_financial_cleared, is_pharmacy_ready, admitted_at, discharged_at, updated_at) values ('a241916e-c803-4f66-80be-fe3027e00c12', 'f2a209ad-0ed3-481e-99f6-f4dd1feb8b85', '55ad5120-645b-48d9-a33b-922dd182c53d', '6edc5a93-8f47-4140-82c1-b92bc6dfc94c', 'b4abb439-bf82-40e2-a3a8-5f653b6621de', 'b5fac718-9f94-4455-99ae-3f8286c6ecdc', '26f498a4-f294-4083-8e58-2e7fefa18081', 'active', 'discharge_planning', 'Community-acquired pneumonia, responding to treatment', true, false, true, '2026-06-03T22:58:42.027Z', NULL, '2026-06-07T10:58:42.027Z');
insert into admissions (id, hospital_id, visit_id, patient_id, attending_doctor_id, ward_id, bed_id, status, stage, reason, is_medical_cleared, is_financial_cleared, is_pharmacy_ready, admitted_at, discharged_at, updated_at) values ('79222175-109a-4f61-b231-0e3cd92a09a2', 'f2a209ad-0ed3-481e-99f6-f4dd1feb8b85', 'cd262f21-930e-4ee5-86e3-e8c8c71199a0', '85bea487-e148-4679-95fb-7796d641bc73', '49f789f7-be52-4266-8518-2dd3c93bd34d', '58b423fa-c9ac-43d5-998d-8e073f43078e', '898a2788-6922-44a2-9514-c6185178b841', 'discharged', 'discharged', 'Asthma, unspecified', true, true, true, '2026-05-07T01:58:42.028Z', '2026-05-12T01:58:42.028Z', '2026-05-12T01:58:42.028Z');
insert into admissions (id, hospital_id, visit_id, patient_id, attending_doctor_id, ward_id, bed_id, status, stage, reason, is_medical_cleared, is_financial_cleared, is_pharmacy_ready, admitted_at, discharged_at, updated_at) values ('4a879357-bfe4-40ac-b943-3d431f23f7d2', 'f2a209ad-0ed3-481e-99f6-f4dd1feb8b85', '85c79a5f-d0d4-4ded-a8c3-dcaa3b1e158f', '3014d7a6-7756-48e4-b297-562e407ca2dc', 'cbfd492d-d74b-4ebf-9b8c-d6cbf1a2cb8c', '58b423fa-c9ac-43d5-998d-8e073f43078e', '898a2788-6922-44a2-9514-c6185178b841', 'discharged', 'discharged', 'Urinary tract infection, site not specified', true, true, true, '2026-04-15T17:58:42.028Z', '2026-04-16T17:58:42.028Z', '2026-04-16T17:58:42.028Z');
insert into admissions (id, hospital_id, visit_id, patient_id, attending_doctor_id, ward_id, bed_id, status, stage, reason, is_medical_cleared, is_financial_cleared, is_pharmacy_ready, admitted_at, discharged_at, updated_at) values ('6ea3d766-c58e-45b6-bba7-787d671e3600', 'f2a209ad-0ed3-481e-99f6-f4dd1feb8b85', '2d7999e3-f6db-4f95-93e9-40afe2d42810', 'cd6e9eef-718f-4722-9675-c1370d8c0af8', '49f789f7-be52-4266-8518-2dd3c93bd34d', '58b423fa-c9ac-43d5-998d-8e073f43078e', '898a2788-6922-44a2-9514-c6185178b841', 'discharged', 'discharged', 'Type 2 diabetes mellitus without complications', true, true, true, '2026-04-21T09:58:42.029Z', '2026-04-24T09:58:42.029Z', '2026-04-24T09:58:42.029Z');
insert into admissions (id, hospital_id, visit_id, patient_id, attending_doctor_id, ward_id, bed_id, status, stage, reason, is_medical_cleared, is_financial_cleared, is_pharmacy_ready, admitted_at, discharged_at, updated_at) values ('33b7e81e-ad42-46f0-a4a9-d638d6429596', 'f2a209ad-0ed3-481e-99f6-f4dd1feb8b85', 'd131767a-c1ad-422d-9514-10fc3a31cfc9', '312ef5aa-aa90-4ecf-9fdd-3670d7d51c30', '2997f245-29a3-4e7c-afad-fed79e80c87f', 'b5fac718-9f94-4455-99ae-3f8286c6ecdc', '124ca74c-127f-48f6-b1fa-5242fc6e00d9', 'discharged', 'discharged', 'Anaemia, unspecified', true, true, true, '2026-05-27T09:58:42.029Z', '2026-06-02T09:58:42.029Z', '2026-06-02T09:58:42.029Z');
insert into admissions (id, hospital_id, visit_id, patient_id, attending_doctor_id, ward_id, bed_id, status, stage, reason, is_medical_cleared, is_financial_cleared, is_pharmacy_ready, admitted_at, discharged_at, updated_at) values ('47143c8b-18c5-4a50-aacf-08bc85a78365', 'f2a209ad-0ed3-481e-99f6-f4dd1feb8b85', '9619c20a-fd6b-437c-93ad-08ec69d3033d', 'dcdd8c47-02c0-4987-8002-3e100284a78e', '49f789f7-be52-4266-8518-2dd3c93bd34d', '58b423fa-c9ac-43d5-998d-8e073f43078e', '898a2788-6922-44a2-9514-c6185178b841', 'discharged', 'discharged', 'Infectious gastroenteritis & colitis', true, true, true, '2026-05-01T08:58:42.029Z', '2026-05-11T08:58:42.029Z', '2026-05-11T08:58:42.029Z');
insert into admissions (id, hospital_id, visit_id, patient_id, attending_doctor_id, ward_id, bed_id, status, stage, reason, is_medical_cleared, is_financial_cleared, is_pharmacy_ready, admitted_at, discharged_at, updated_at) values ('e2e136cb-b5f1-4501-93f3-a3b816abcfd7', 'f2a209ad-0ed3-481e-99f6-f4dd1feb8b85', 'cd705958-f968-4109-8236-0db3428ecd82', 'ef15b0f2-90b9-4639-945e-905e36b65d83', '2997f245-29a3-4e7c-afad-fed79e80c87f', 'b5fac718-9f94-4455-99ae-3f8286c6ecdc', '124ca74c-127f-48f6-b1fa-5242fc6e00d9', 'discharged', 'discharged', 'Typhoid fever', true, true, true, '2026-04-25T12:58:42.029Z', '2026-04-26T12:58:42.029Z', '2026-04-26T12:58:42.029Z');
insert into admissions (id, hospital_id, visit_id, patient_id, attending_doctor_id, ward_id, bed_id, status, stage, reason, is_medical_cleared, is_financial_cleared, is_pharmacy_ready, admitted_at, discharged_at, updated_at) values ('cf082800-b4a9-4e80-996c-dd8060f71f71', 'f2a209ad-0ed3-481e-99f6-f4dd1feb8b85', '1a880559-1e63-4ff7-8e4c-3a14b24b5a0b', 'cfd4fd2b-e61f-48f8-adb2-a3d0db30b50c', 'cbb0e027-6635-4afa-b5fa-ee3e45a971a2', '18ba142e-9bae-4d74-99f7-030a2dcd5351', '803f72f4-f139-489c-9484-427f37ec05ca', 'discharged', 'discharged', 'Heart failure, unspecified', true, true, true, '2026-05-18T03:58:42.029Z', '2026-05-26T03:58:42.029Z', '2026-05-26T03:58:42.029Z');
insert into admissions (id, hospital_id, visit_id, patient_id, attending_doctor_id, ward_id, bed_id, status, stage, reason, is_medical_cleared, is_financial_cleared, is_pharmacy_ready, admitted_at, discharged_at, updated_at) values ('43dfbd51-f875-4050-a0ae-2de42f83914a', 'f2a209ad-0ed3-481e-99f6-f4dd1feb8b85', '4d3ac88b-f3a4-45e0-aa64-b81c1e40cfd1', '6cee7658-02ca-462a-9d18-b10a3326cd08', 'cbfd492d-d74b-4ebf-9b8c-d6cbf1a2cb8c', '58b423fa-c9ac-43d5-998d-8e073f43078e', 'b33ca00f-e211-476f-9913-40669c480378', 'discharged', 'discharged', 'Sepsis, unspecified organism', true, true, true, '2026-05-15T03:58:42.029Z', '2026-05-18T03:58:42.029Z', '2026-05-18T03:58:42.029Z');
insert into admissions (id, hospital_id, visit_id, patient_id, attending_doctor_id, ward_id, bed_id, status, stage, reason, is_medical_cleared, is_financial_cleared, is_pharmacy_ready, admitted_at, discharged_at, updated_at) values ('9d24cb35-be09-4650-b1d5-4294e6345b8b', 'f2a209ad-0ed3-481e-99f6-f4dd1feb8b85', 'dd47ee1e-cdab-4b53-a2aa-3577143586f8', '66840e60-fccb-449e-93db-6d3037019a5d', '49f789f7-be52-4266-8518-2dd3c93bd34d', '58b423fa-c9ac-43d5-998d-8e073f43078e', 'b33ca00f-e211-476f-9913-40669c480378', 'discharged', 'discharged', 'Type 2 diabetes mellitus without complications', true, true, true, '2026-04-21T17:58:42.029Z', '2026-04-23T17:58:42.029Z', '2026-04-23T17:58:42.029Z');

-- beds (8)
insert into beds (id, hospital_id, ward_id, label, status, current_admission_id, created_at, updated_at) values ('803f72f4-f139-489c-9484-427f37ec05ca', 'f2a209ad-0ed3-481e-99f6-f4dd1feb8b85', '18ba142e-9bae-4d74-99f7-030a2dcd5351', 'ICU-02', 'occupied', '1f8d3863-d0c2-4c0f-819e-7953d3dda574', '2025-06-07T22:58:42.027Z', '2026-06-07T17:58:42.027Z');
insert into beds (id, hospital_id, ward_id, label, status, current_admission_id, created_at, updated_at) values ('83da8e05-5228-41cb-8da3-481c5105d761', 'f2a209ad-0ed3-481e-99f6-f4dd1feb8b85', '18ba142e-9bae-4d74-99f7-030a2dcd5351', 'ICU-04', 'occupied', 'f1d9c102-aad8-4af3-9d48-21ec45949285', '2025-06-07T22:58:42.027Z', '2026-06-06T18:58:42.027Z');
insert into beds (id, hospital_id, ward_id, label, status, current_admission_id, created_at, updated_at) values ('221fbad2-470a-43d8-ac44-f2983194aecb', 'f2a209ad-0ed3-481e-99f6-f4dd1feb8b85', '18ba142e-9bae-4d74-99f7-030a2dcd5351', 'ICU-01', 'free', NULL, '2025-06-07T22:58:42.027Z', '2025-06-07T22:58:42.027Z');
insert into beds (id, hospital_id, ward_id, label, status, current_admission_id, created_at, updated_at) values ('26f498a4-f294-4083-8e58-2e7fefa18081', 'f2a209ad-0ed3-481e-99f6-f4dd1feb8b85', 'b5fac718-9f94-4455-99ae-3f8286c6ecdc', 'B-11', 'occupied', 'a241916e-c803-4f66-80be-fe3027e00c12', '2025-06-07T22:58:42.027Z', '2026-06-03T22:58:42.027Z');
insert into beds (id, hospital_id, ward_id, label, status, current_admission_id, created_at, updated_at) values ('124ca74c-127f-48f6-b1fa-5242fc6e00d9', 'f2a209ad-0ed3-481e-99f6-f4dd1feb8b85', 'b5fac718-9f94-4455-99ae-3f8286c6ecdc', 'B-09', 'free', NULL, '2025-06-07T22:58:42.027Z', '2025-06-07T22:58:42.027Z');
insert into beds (id, hospital_id, ward_id, label, status, current_admission_id, created_at, updated_at) values ('23a568bb-9b7d-4f91-80fd-6bae35ff8378', 'f2a209ad-0ed3-481e-99f6-f4dd1feb8b85', 'b5fac718-9f94-4455-99ae-3f8286c6ecdc', 'B-10', 'cleaning', NULL, '2025-06-07T22:58:42.027Z', '2026-06-06T16:58:42.027Z');
insert into beds (id, hospital_id, ward_id, label, status, current_admission_id, created_at, updated_at) values ('898a2788-6922-44a2-9514-c6185178b841', 'f2a209ad-0ed3-481e-99f6-f4dd1feb8b85', '58b423fa-c9ac-43d5-998d-8e073f43078e', 'ER-Bay-1', 'free', NULL, '2025-06-07T22:58:42.027Z', '2025-06-07T22:58:42.027Z');
insert into beds (id, hospital_id, ward_id, label, status, current_admission_id, created_at, updated_at) values ('b33ca00f-e211-476f-9913-40669c480378', 'f2a209ad-0ed3-481e-99f6-f4dd1feb8b85', '58b423fa-c9ac-43d5-998d-8e073f43078e', 'ER-Bay-2', 'free', NULL, '2025-06-07T22:58:42.027Z', '2025-06-07T22:58:42.027Z');

-- transfers (1)
insert into transfers (id, hospital_id, admission_id, patient_id, from_ward_id, to_ward_id, from_bed_id, to_bed_id, from_doctor_id, to_doctor_id, reason, transferred_by_id, created_at) values ('e81bf5fd-8660-4f86-903d-d032841e7e99', 'f2a209ad-0ed3-481e-99f6-f4dd1feb8b85', 'f1d9c102-aad8-4af3-9d48-21ec45949285', '0ad47daa-2fc7-403d-a26b-738f51eeaa96', 'b5fac718-9f94-4455-99ae-3f8286c6ecdc', '18ba142e-9bae-4d74-99f7-030a2dcd5351', '124ca74c-127f-48f6-b1fa-5242fc6e00d9', '83da8e05-5228-41cb-8da3-481c5105d761', 'b4abb439-bf82-40e2-a3a8-5f653b6621de', '270035e7-1454-4861-bf2b-83b0ec23dc32', 'Post-op deterioration — escalated to critical care', 'b4caffe8-6426-409f-a547-42c4e495121a', '2026-06-07T02:58:42.027Z');

-- care_plan_items (12)
insert into care_plan_items (id, hospital_id, admission_id, patient_id, category, description, frequency, goal, status, created_by_id, created_at, updated_at) values ('12cb8984-86e8-4ed5-9fcc-47fd2f34af78', 'f2a209ad-0ed3-481e-99f6-f4dd1feb8b85', 'f1d9c102-aad8-4af3-9d48-21ec45949285', '0ad47daa-2fc7-403d-a26b-738f51eeaa96', 'hygiene', 'Assist with bed bath, keep skin dry', 'Daily', 'Skin remains intact', 'active', 'b4caffe8-6426-409f-a547-42c4e495121a', '2026-06-07T04:58:42.027Z', '2026-06-07T04:58:42.027Z');
insert into care_plan_items (id, hospital_id, admission_id, patient_id, category, description, frequency, goal, status, created_by_id, created_at, updated_at) values ('b9b4816a-1a2f-4207-8c5f-0a3806d73304', 'f2a209ad-0ed3-481e-99f6-f4dd1feb8b85', 'f1d9c102-aad8-4af3-9d48-21ec45949285', '0ad47daa-2fc7-403d-a26b-738f51eeaa96', 'mobility_positioning', 'Turn every 2h to prevent pressure sores', 'Every 2h', 'No pressure injury', 'active', 'b4caffe8-6426-409f-a547-42c4e495121a', '2026-06-07T04:58:42.027Z', '2026-06-07T04:58:42.027Z');
insert into care_plan_items (id, hospital_id, admission_id, patient_id, category, description, frequency, goal, status, created_by_id, created_at, updated_at) values ('f0811666-f840-4323-b451-c873333d293c', 'f2a209ad-0ed3-481e-99f6-f4dd1feb8b85', 'f1d9c102-aad8-4af3-9d48-21ec45949285', '0ad47daa-2fc7-403d-a26b-738f51eeaa96', 'temperature', 'Tepid sponge and review if temp > 38.5°C', 'As needed', NULL, 'active', 'b4caffe8-6426-409f-a547-42c4e495121a', '2026-06-07T04:58:42.027Z', '2026-06-07T04:58:42.027Z');
insert into care_plan_items (id, hospital_id, admission_id, patient_id, category, description, frequency, goal, status, created_by_id, created_at, updated_at) values ('1ef9429d-b359-4cac-8bf5-de71c74c7ee0', 'f2a209ad-0ed3-481e-99f6-f4dd1feb8b85', 'f1d9c102-aad8-4af3-9d48-21ec45949285', '0ad47daa-2fc7-403d-a26b-738f51eeaa96', 'nutrition', 'Soft diet, assist feeding, encourage fluids', 'Each meal', NULL, 'active', 'b4caffe8-6426-409f-a547-42c4e495121a', '2026-06-07T04:58:42.027Z', '2026-06-07T04:58:42.027Z');
insert into care_plan_items (id, hospital_id, admission_id, patient_id, category, description, frequency, goal, status, created_by_id, created_at, updated_at) values ('68eee388-3901-4ad7-b1f1-a1020f128db1', 'f2a209ad-0ed3-481e-99f6-f4dd1feb8b85', 'a241916e-c803-4f66-80be-fe3027e00c12', '6edc5a93-8f47-4140-82c1-b92bc6dfc94c', 'breathing', 'Sit upright, encourage deep breathing / chest physio', 'Every 4h', 'Clear chest, good air entry', 'active', 'b4caffe8-6426-409f-a547-42c4e495121a', '2026-06-04T04:58:42.027Z', '2026-06-04T04:58:42.027Z');
insert into care_plan_items (id, hospital_id, admission_id, patient_id, category, description, frequency, goal, status, created_by_id, created_at, updated_at) values ('3f80889e-7fed-49bb-96a3-7e74a7d8c2f7', 'f2a209ad-0ed3-481e-99f6-f4dd1feb8b85', 'a241916e-c803-4f66-80be-fe3027e00c12', '6edc5a93-8f47-4140-82c1-b92bc6dfc94c', 'hygiene', 'Assist shower', 'Daily', NULL, 'active', 'b4caffe8-6426-409f-a547-42c4e495121a', '2026-06-04T04:58:42.027Z', '2026-06-04T04:58:42.027Z');
insert into care_plan_items (id, hospital_id, admission_id, patient_id, category, description, frequency, goal, status, created_by_id, created_at, updated_at) values ('c0c4b440-a3b5-4ff4-8cb6-7e1b44a494d8', 'f2a209ad-0ed3-481e-99f6-f4dd1feb8b85', 'a241916e-c803-4f66-80be-fe3027e00c12', '6edc5a93-8f47-4140-82c1-b92bc6dfc94c', 'mobility_positioning', 'Encourage short walks on the ward', 'Twice daily', 'Mobilizing independently', 'active', 'b4caffe8-6426-409f-a547-42c4e495121a', '2026-06-04T04:58:42.027Z', '2026-06-04T04:58:42.027Z');
insert into care_plan_items (id, hospital_id, admission_id, patient_id, category, description, frequency, goal, status, created_by_id, created_at, updated_at) values ('e2175573-f0aa-4a46-956e-0086c1cca5bc', 'f2a209ad-0ed3-481e-99f6-f4dd1feb8b85', '1f8d3863-d0c2-4c0f-819e-7953d3dda574', '7d5ccec8-4d8b-49d8-b105-c65364cc1b97', 'hygiene', 'Full bed bath + mouth care', 'Daily', NULL, 'active', 'b4caffe8-6426-409f-a547-42c4e495121a', '2026-06-07T18:58:42.027Z', '2026-06-07T18:58:42.027Z');
insert into care_plan_items (id, hospital_id, admission_id, patient_id, category, description, frequency, goal, status, created_by_id, created_at, updated_at) values ('7decf230-6b6e-4420-9ccf-f9ab1c9da09f', 'f2a209ad-0ed3-481e-99f6-f4dd1feb8b85', '1f8d3863-d0c2-4c0f-819e-7953d3dda574', '7d5ccec8-4d8b-49d8-b105-c65364cc1b97', 'mobility_positioning', 'Turn every 2h', 'Every 2h', 'No pressure injury', 'active', 'b4caffe8-6426-409f-a547-42c4e495121a', '2026-06-07T18:58:42.027Z', '2026-06-07T18:58:42.027Z');
insert into care_plan_items (id, hospital_id, admission_id, patient_id, category, description, frequency, goal, status, created_by_id, created_at, updated_at) values ('652b43c9-48f8-4dfb-8a57-22544ca19282', 'f2a209ad-0ed3-481e-99f6-f4dd1feb8b85', '1f8d3863-d0c2-4c0f-819e-7953d3dda574', '7d5ccec8-4d8b-49d8-b105-c65364cc1b97', 'elimination', 'Catheter care, monitor output', 'Each shift', NULL, 'active', 'b4caffe8-6426-409f-a547-42c4e495121a', '2026-06-07T18:58:42.027Z', '2026-06-07T18:58:42.027Z');
insert into care_plan_items (id, hospital_id, admission_id, patient_id, category, description, frequency, goal, status, created_by_id, created_at, updated_at) values ('78be456f-6e48-4795-b1e7-f7577bce2d5c', 'f2a209ad-0ed3-481e-99f6-f4dd1feb8b85', '1f8d3863-d0c2-4c0f-819e-7953d3dda574', '7d5ccec8-4d8b-49d8-b105-c65364cc1b97', 'other', 'Eye care: clean and protect eyes to prevent dryness', 'Every 4h', NULL, 'active', 'b4caffe8-6426-409f-a547-42c4e495121a', '2026-06-07T18:58:42.027Z', '2026-06-07T18:58:42.027Z');
insert into care_plan_items (id, hospital_id, admission_id, patient_id, category, description, frequency, goal, status, created_by_id, created_at, updated_at) values ('62701d21-c454-4e11-9fa1-f1e7e249bfee', 'f2a209ad-0ed3-481e-99f6-f4dd1feb8b85', '1f8d3863-d0c2-4c0f-819e-7953d3dda574', '7d5ccec8-4d8b-49d8-b105-c65364cc1b97', 'safety', 'Cot sides up, neuro observations', 'Each shift', NULL, 'active', 'b4caffe8-6426-409f-a547-42c4e495121a', '2026-06-07T18:58:42.027Z', '2026-06-07T18:58:42.027Z');

-- care_plan_entries (7)
insert into care_plan_entries (id, hospital_id, admission_id, care_plan_item_id, note, is_handover, recorded_by_id, recorded_at) values ('4ebeb894-b081-4a2b-9804-dab3224558bb', 'f2a209ad-0ed3-481e-99f6-f4dd1feb8b85', 'f1d9c102-aad8-4af3-9d48-21ec45949285', 'b9b4816a-1a2f-4207-8c5f-0a3806d73304', 'Turned to left side. Temp 37.8°C, settling.', false, 'cbfd492d-d74b-4ebf-9b8c-d6cbf1a2cb8c', '2026-06-07T13:58:42.027Z');
insert into care_plan_entries (id, hospital_id, admission_id, care_plan_item_id, note, is_handover, recorded_by_id, recorded_at) values ('17e88fc2-9444-4feb-be31-d8903e46e8d6', 'f2a209ad-0ed3-481e-99f6-f4dd1feb8b85', 'f1d9c102-aad8-4af3-9d48-21ec45949285', '12cb8984-86e8-4ed5-9fcc-47fd2f34af78', 'Bed bath given, skin intact. Ate half of lunch.', false, 'b4caffe8-6426-409f-a547-42c4e495121a', '2026-06-07T15:58:42.027Z');
insert into care_plan_entries (id, hospital_id, admission_id, care_plan_item_id, note, is_handover, recorded_by_id, recorded_at) values ('835e7339-6b86-47b5-9863-bae3810a9a13', 'f2a209ad-0ed3-481e-99f6-f4dd1feb8b85', 'f1d9c102-aad8-4af3-9d48-21ec45949285', NULL, 'Anxious about surgery tomorrow — needs reassurance. Watch temperature this evening.', true, 'b4caffe8-6426-409f-a547-42c4e495121a', '2026-06-07T17:58:42.027Z');
insert into care_plan_entries (id, hospital_id, admission_id, care_plan_item_id, note, is_handover, recorded_by_id, recorded_at) values ('cba3a4c2-b48c-4601-987b-e432ce6677a2', 'f2a209ad-0ed3-481e-99f6-f4dd1feb8b85', 'a241916e-c803-4f66-80be-fe3027e00c12', 'c0c4b440-a3b5-4ff4-8cb6-7e1b44a494d8', 'Walked to end of ward and back, tolerated well.', false, 'b4caffe8-6426-409f-a547-42c4e495121a', '2026-06-07T11:58:42.027Z');
insert into care_plan_entries (id, hospital_id, admission_id, care_plan_item_id, note, is_handover, recorded_by_id, recorded_at) values ('c8a69ac7-ba5f-4c5b-aa8e-7cdfd6b24758', 'f2a209ad-0ed3-481e-99f6-f4dd1feb8b85', 'a241916e-c803-4f66-80be-fe3027e00c12', NULL, 'Chest clearer, coughing productively. Keep prompting deep breathing.', true, 'b4caffe8-6426-409f-a547-42c4e495121a', '2026-06-07T13:58:42.027Z');
insert into care_plan_entries (id, hospital_id, admission_id, care_plan_item_id, note, is_handover, recorded_by_id, recorded_at) values ('2478fdee-4124-46fc-8fc7-7cbc0f6fbb24', 'f2a209ad-0ed3-481e-99f6-f4dd1feb8b85', '1f8d3863-d0c2-4c0f-819e-7953d3dda574', 'e2175573-f0aa-4a46-956e-0086c1cca5bc', 'Full bed bath and mouth care done. Repositioned. Output adequate.', false, 'b4caffe8-6426-409f-a547-42c4e495121a', '2026-06-07T19:58:42.027Z');
insert into care_plan_entries (id, hospital_id, admission_id, care_plan_item_id, note, is_handover, recorded_by_id, recorded_at) values ('dae5f0da-1ed7-40c1-b503-6ec3575bfae5', 'f2a209ad-0ed3-481e-99f6-f4dd1feb8b85', '1f8d3863-d0c2-4c0f-819e-7953d3dda574', NULL, 'GCS improving (7→9). Continue 2-hourly turns and eye care. Family visited.', true, 'b4caffe8-6426-409f-a547-42c4e495121a', '2026-06-07T20:58:42.027Z');

set session_replication_role = origin;
commit;
-- total rows: 487
